"http://arstechnica.com/uncategorized/2008/06/cubit-p2p-search-protocol-could-one-day-sink-the-pirate-bay/";"Ars Technica";06/17/08;"Cubit P2P search protocol could one day sink The Pirate Bay";"sirer,wong";
"http://www.sfgate.com/technology/businessinsider/article/The-17-Year-Old-Whom-Yahoo-Paid-30-Million-Was-4388011.php";"SF Gate";03/27/13;"The 17-Year-Old Whom Yahoo Paid $30 Million Was Licensing His Startup's Core Technology";"sirer";
"http://bits.blogs.nytimes.com/2013/04/07/how-deal-makers-put-a-value-on-start-ups-disruptions/";"New York Times";04/07/13;"How Deal Makers Put a Value on Start-Ups";"sirer,eyal";"feature"
"http://tech.slashdot.org/story/13/06/20/1747249/cornell-researchers-unveil-a-virtual-notary";"Slashdot";06/20/13;"Cornell Researchers Unveil a Virtual Notary";"sirer,eyal";
"http://money.cnn.com/2013/11/04/technology/bitcoin-flaw/";"CNN";11/04/13;"Bitcoin flaw could let group take control of currency";"sirer,eyal";"feature"
"http://www.businessinsider.com/researchers-say-bitcoin-is-broken-and-could-collapse-2013-11";"Business Insider";11/04/13;"Researchers Say 'Bitcoin Is Broken' And Could Collapse";"sirer,eyal";
"https://bitcoinmagazine.com/articles/selfish-mining-a-25-attack-against-the-bitcoin-network-1383578440";"Bitcoin Magazine";11/04/13;"Selfish Mining: A 25% Attack Against the Bitcoin Network";"sirer,eyal";
"http://www.bbc.com/news/technology-24818975";"BBC";11/05/13;"Bitcoin at risk of network attack, say researchers";"sirer,eyal";"feature"
"https://www.washingtonpost.com/news/the-switch/wp/2013/11/07/no-bitcoin-isnt-broken/";"Washington Post";11/07/13;"No, Bitcoin Isn't Broken";"sirer,eyal";"feature"
"https://motherboard.vice.com/blog/bitcoin-isnt-broken-despite-a-potential-flaw";"Vice";11/07/13;"Bitcoin Isn’t Broken, Despite a Potential Flaw";"sirer,eyal";"feature"
"https://www.technologyreview.com/s/521521/bitcoin-vulnerability-could-allow-malicious-miners-to-seize-control/";"MIT Technology Review";11/08/13;"Bitcoin Vulnerability Could Allow Malicious Miners to Seize Control";"sirer,eyal";"feature"
"http://www.pcadvisor.co.uk/feature/internet/why-bitcoin-is-more-valuable-popular-than-ever-3494859/";"PC Advisor";12/23/13;"The rise of Bitcoin and why you can't mine your own Bitcoins";"sirer,eyal";
"http://www.motherjones.com/kevin-drum/2014/02/wait-second-i-thought-bitcoins-were-unstealable";"Mother Jones";02/28/14;"Wait a Second. I Thought Bitcoins Were Unstealable?";"sirer,eyal";"feature"
"http://www.coindesk.com/blockchain-addresses-security-debacle-need-better/";"CoinDesk";03/03/14;"Are Bitcoin exchanges just Nigerian scam emails for gullible nerds?";"sirer,eyal";
"http://www.spiegel.de/netzwelt/web/bitcoin-cash-waehrung-in-der-krise-a-956580.html";"Spiegel";03/03/14;"Krypto-Währung in der Krise: Hacker suchen die Bitcoin-Wahrheit";"sirer,eyal";
"http://nymag.com/daily/intelligencer/2014/03/doomsday-cult-of-bitcoin.html";"NY Magazine";03/04/14;"The Doomsday Cult of Bitcoin";"sirer,eyal";"feature"
"http://www.reuters.com/article/us-bitcoin-mtgox-cybersleuths-idUSBREA2429L20140305";"Reuters";03/05/14;"Online sleuthing by Mt. Gox dispossessed throws up few clues";"sirer,eyal";"feature"
"http://mobile.nytimes.com/2014/03/06/technology/personaltech/for-bitcoin-a-secure-future-might-require-traditional-trappings.html";"New York Times";03/06/14;"For Bitcoin, Secure Future Might Need Oversight";"sirer,eyal";"feature"
"http://uk.reuters.com/article/2014/03/06/uk-bitcoin-mtgox-cybersleuths-idUKBREA2429M20140306";"Reuters";03/06/14;"Online sleuthing by Mt. Gox dispossessed throws up few clues";"sirer,eyal";"feature"
"http://www.latimes.com/business/hiltzik/la-fi-mh-the-satoshi-chase-20140307-story.html";"Los Angeles Times";03/07/14;"The Nakamoto chase is a sideshow: Here's the real story on bitcoins";"sirer,eyal";"feature"
"http://blogs.wsj.com/moneybeat/2014/03/11/bitbeat-bitcoin-is-risky-in-case-you-didnt-know/";"Wall Street Journal";03/11/14;"BitBeat: Bitcoin Is Risky (In Case You Didn’t Know)";"sirer,eyal";"feature"
"https://www.technologyreview.com/s/525676/academics-spy-weaknesses-in-bitcoins-foundations/";"MIT Technology Review";03/24/14;"Academics Spy Weaknesses in Bitcoin’s Foundations";"sirer,eyal";"feature"
"https://www.infoq.com/news/2014/04/bitcoin-banking-mongodb";"InfoQ";04/24/14;"BitCoins Lost, MongoDB and Eventual Consistency";"sirer,eyal";
"http://www.businessinsider.com/today-bitcoins-doomsday-scenario-arrived-2014-6";"Business Insider";06/14/14;"Today, Bitcoin's Doomsday Scenario Arrived";"sirer,eyal";
"http://techcrunch.com/2014/06/15/51-fears-rattle-the-bitcoin-community/";"TechCrunch";06/15/14;"‘51%’ Fears Rattle The Bitcoin Community ";"sirer,eyal";"feature"
"http://arstechnica.com/security/2014/06/bitcoin-security-guarantee-shattered-by-anonymous-miner-with-51-network-power/";"Ars Technica";06/15/14;"Bitcoin security guarantee shattered by anonymous miner with 51% network power";"sirer,eyal";
"https://www.pcworld.com/article/2364000/bitcoin-price-dips-as-backers-fear-mining-monopoly.html";"PC World";06/16/14;"Bitcoin Price Dips as Backers Fear Mining Monopoly";"sirer,eyal";
"http://www.wired.co.uk/news/archive/2014-06/16/bitcoin-security-guarantee-compromised";"WIRED UK";06/16/14;"Bitcoin Security Guarantee Compromised";"sirer,eyal";
"http://www.ibtimes.co.uk/bitcoins-decentralised-structure-threat-miner-51-control-network-1452778";"IB Times";06/16/14;"Bitcoin's Decentralised Structure at Threat from Miner with 51% Control of Network";"sirer,eyal";
"https://uk.news.yahoo.com/cryptocurrency-round-bitcoin-stock-exchange-miners-threaten-decentralisation-145222734.html#qz3I2dD";"Yahoo";06/16/14;"Cryptocurrency Round-Up: Bitcoin on Stock Exchange, Miners Threaten Decentralisation & App Store Wallets";"sirer,eyal";
"http://www.cbronline.com/news/social/mining-pool-in-control-of-bitcoin-hit-by-ddos-attack-4293920";"Computer Business Review";06/16/14;"Mining pool ‘in control’ of Bitcoin hit by DDoS attack";"sirer,eyal";
"http://www.mintpressnews.com/the-51-percenter-bitcoin-apocalypse-is-nigh/192519/";"Mint Press News";06/18/14;"The '51 Percenter' Bitcoin Apocalypse Is Nigh";"sirer,eyal";
"http://m.csmonitor.com/Business/2014/0619/Bitcoin-Bowl-Online-currency-to-sponsor-NCAA-football-game";"CSMonitor.com";06/19/14;"Bitcoin Bowl? Online currency to sponsor NCAA football game";"sirer,eyal";
"http://www.theregister.co.uk/2014/06/19/pow_academics_ko_bitcoin_mining_mammoths/";"The Register";06/19/14;"PoW! Academics KO Bitcoin mining mammoths";"sirer,eyal";
"https://gigaom.com/2014/06/20/this-week-in-bitcoin-is-owning-the-majority-of-mining-power-an-attack-or-an-opportunity/";"GigaOM";06/20/14;"This week in bitcoin: Is owning the majority of mining power an attack or an opportunity?";"sirer,eyal";
"http://www.economist.com/blogs/schumpeter/2014/06/bitcoin";"The Economist";06/23/14;"Losing to Win";"sirer,eyal";"feature"
"http://arstechnica.com/business/2014/07/bitcoin-pool-ghash-io-commits-to-40-hashrate-limit-after-its-51-breach/";"Ars Technica";07/16/14;"Bitcoin pool GHash.io commits to 40% hashrate limit after its 51% breach";"sirer,eyal";
"http://www.coindesk.com/bitcoin-mining-detente-ghash-io-51-issue/";"CoinDesk";07/17/14;"The Bitcoin Mining Arms Race: GHash.io and the 51% Issue";"sirer,eyal";
"http://www.coindesk.com/bitcoin-mining-las-vegas-convention/";"CoinDesk";10/11/14;"Bitcoin Miners Debate Risks and Rewards at Las Vegas Convention";"sirer,eyal";
"http://www.coindesk.com/blockchain-addresses-security-debacle-need-better/";"CoinDesk";12/09/14;"Blockchain Addresses Security Controversy: 'We Need to Do Better'";"sirer,eyal";
"http://cointelegraph.com/news/meet-the-bitcoin-foundations-newest-core-security-auditor-sergio-demian-lerner";"Coin Telegraph";12/11/14;"Meet the Bitcoin Foundation’s Newest Core Security Auditor, Sergio Demian Lerner";"sirer,eyal";
"http://www.newswise.com/articles/macaroons-may-protect-companies-like-sony-from-future-cyber-attacks";"News Wise";12/16/14;"Macaroons Might Protect Companies Like Sony From Future Cyber Attacks";"sirer,eyal";
"https://www.cryptocoinsnews.com/cornell-professor-says-changetip-must-die-strong-point/";"CryptoCoinsNews";12/17/14;"Cornell Professor Says ChangeTip Mist Die: Strong Point";"sirer,eyal";
"http://www.coindesk.com/changetip-ceo-nick-sullivan-wont-sell-user-data/";"CoinDesk";12/18/14;"ChangeTip CEO Nick Sullivan: We Won't Sell User Data";"sirer,eyal";
"https://www.cryptocoinsnews.com/cornell-professor-sirer-blasts-back-asks-changetip-prove-commitment-privacy/";"CryptoCoinsNews";12/30/14;"Cornell Professor Sirer Blasts Back: Asks ChangeTip to Prove Their Commitment to Privacy";"sirer,eyal";
"http://www.coindesk.com/avoid-bitcoin-scams-2015/";"CoinDesk";01/02/15;"How to Avoid Bitcoin Scams in 2015";"sirer,eyal";
"http://www.forbes.com/sites/sarahjeong/2015/01/16/dhs-agent-thought-mt-gox-ceo-was-dpr/";"Forbes";01/16/15;"Was Mt. Gox CEO The Dread Pirate Roberts? The DHS Once Believed It";"sirer,eyal";
"http://www.coindesk.com/searching-for-cryptocurrency-security-standard/";"CoinDesk";01/25/15;"Searching for a Cryptocurrency Security Standard";"sirer,eyal";
"http://www.forbes.com/sites/thomasbrewster/2015/03/27/bitcoin-blockchain-pollution-a-criminal-opportunity/#4f7b29223297";"Forbes";03/27/15;"Bitcoin's Blockchain Offers Safe Haven For Malware And Child Abuse, Warns Interpol";"sirer,eyal";
"http://www.scientificamerican.com/article/bitcoin-based-blockchain-breaks-out/";"Scientific American";04/01/15;"Bitcoin-Based Blockchain Breaks Out";"sirer,eyal";"feature"
"http://www.technologyreview.com/news/536641/a-new-competitor-for-bitcoin-aims-to-be-faster-and-safer/";"MIT Technology Review";04/15/15;"A New Competitor for Bitcoin Aims to Be Faster and Safer";"sirer,eyal";"feature"
"https://www.cryptocoinsnews.com/stanford-professor-developed-faster-securer-bitcoin/";"CryptoCoinsNews";04/21/15;"Stanford Professor Developed Faster Securer Bitcoin";"sirer,eyal";
"http://coinjournal.net/what-is-selfish-mining-and-is-it-a-threat-to-bitcoin/";"Coin Journal";05/14/15;"What is Selfish Mining and is it a Threat to Bitcoin?";"sirer,eyal";
"http://www.coindesk.com/us-government-funds-3-million-cryptocurrency-research-initiative/";"CoinDesk";07/29/15;"US Government Funds $3 Million Cryptocurrency Research Initiative";"all";
"http://cointelegraph.com/news/us-national-science-foundation-awards-3-year-grant-for-cryptocurrency-research";"Coin Telegraph";07/29/15;"US National Science Foundation Awards 3-Year Grant for Cryptocurrency Research";"all";
"https://bitcoinmagazine.com/articles/national-science-foundation-awards-research-grants-science-applications-cryptocurrency-1438296576";"Bitcoin Magazine";07/30/15;"National Science Foundation Awards Research Grants on the Science and Applications of Cryptocurrency";"all";
"http://www.coindesk.com/ethereum-decentralized-app-network-launch/";"CoinDesk";07/30/15;"Ethereum Launches Long-Awaited Decentralized App Network";"sirer,eyal";
"https://www.technologyreview.com/s/540151/bitcoins-dark-side-could-get-darker/";"MIT Technology Review";08/13/15;"Bitcoin’s Dark Side Could Get Darker";"juels,shi";"feature"
"http://www.coindesk.com/core-devs-bankers-and-the-fbi-what-not-to-miss-at-consensus-2015/";"CoinDesk";09/07/15;"Core Devs, Bankers and the FBI: What Not to Miss at Consensus 2015";"sirer";
"http://www.coindesk.com/scaling-bitcoin-day-1-constructive-debate-shines/";"CoinDesk";09/13/15;"Constructive Debate Shines as Scaling Bitcoin Unites Developers";"sirer,eyal";
"http://www.coindesk.com/cornell-research-blockchain-problems-bitcoin-ng/";"CoinDesk";09/18/15;"Researchers Tackle Tomorrow's Blockchain Problems With Bitcoin-NG";"sirer,eyal";
"http://www.newsbtc.com/2015/09/19/bitcoin-ng-tomorrows-bitcoin-under-development-today/";"News BTC";09/19/15;"Tomorrow's Bitcoin in the Works";"sirer,eyal";
"http://www.nature.com/news/the-future-of-cryptocurrencies-bitcoin-and-beyond-1.18447";"Nature";09/30/15;"The future of cryptocurrencies: Bitcoin and beyond : Nature News & Comment";"sirer,eyal";"feature"
"https://www.news.cornell.edu/stories/2015/11/cornell-teams-join-nsf-campaign-cybersecurity";"Cornell Chronicle";11/06/15;"Cornell teams join NSF campaign for cybersecurity";"all";
"https://bitcoinmagazine.com/articles/bitcoin-ng-or-how-cornell-researchers-think-a-radical-redesign-can-solve-bitcoin-s-scaling-issues-1447108649";"Bitcoin Magazine";11/09/15;"Bitcoin NG, or How Cornell Researchers Think a Radical Redesign Can Solve Bitcoin's Scaling Issues";"sirer,eyal";
"https://www.technologyreview.com/s/544431/how-to-spot-bitcoin-inventor-satoshi-nakamoto/";"MIT Technology Review";12/10/15;"How to Spot a Bitcoin Inventor";"sirer";"feature"
"https://techcrunch.com/2015/12/10/satoshi-gulch/";"TechCrunch";12/10/15;"Satoshi Gulch";"sirer";"feature"
"http://www.coinspeaker.com/2015/12/11/craig-wright-is-not-satoshi-nakamoto-says-cornell-universitys-professor/";"Coin Speaker";12/11/15;"‘Craig Wright is Not Satoshi Nakamoto,’ Says Cornell University’s Professor";"sirer";
"https://fr.sputniknews.com/societe/201512151020288022-bitcoin-createur-craig-wright/";"Sputnik";12/15/15;"A-t-on démasqué le créateur du Bitcoin?";"sirer,eyal";
"http://www.bloomberg.com/news/articles/2015-12-17/blockchain-lures-ibm-wells-fargo-to-develop-transaction-network";"Bloomberg";12/17/15;"Blockchain Lures IBM, Wells Fargo for Transaction Network";"sirer,eyal";"feature"
"http://www.linuxfoundation.org/news-media/announcements/2015/12/linux-foundation-unites-industry-leaders-advance-blockchain";"Linux Foundation";12/17/15;"Linux Foundation Unites Industry Leaders to Advance Blockchain Technology";"sirer,eyal";
"http://www.eweek.com/cloud/financial-and-tech-titans-form-open-source-blockchain-project.html";"eWeek";12/17/15;"Financial and Tech Titans Launch Blockchain Project";"all";
"http://www.journaldugeek.com/2015/12/18/decouverte-inventeur-bitcoin-hoax/";"Journal du Geek";12/18/15;"Découverte de l’inventeur du Bitcoin ? Ça sent l’hoax !";"sirer,eyal";
"https://coinreport.net/linux-foundation-gets-corporate-giants-vows-for-blockchain-promotion/";"Coin Report";12/21/15;"Linux Foundation gets corporate giants’ vows for blockchain promotion";"sirer,eyal";
"http://www.coindesk.com/2015-year-of-blockchain/";"CoinDesk";12/22/15;"2015 Was the Year of the Blockchain";"sirer,eyal";
"https://www.technologyreview.com/s/533326/the-startup-meant-to-reinvent-what-bitcoin-can-do/";"MIT Technology Review";12/22/15;"The Startup Meant to Reinvent What Bitcoin Can Do";"sirer,eyal";"feature"
"http://www.coindesk.com/10-must-read-cryptocurrency-research-papers-from-2015/";"CoinDesk";12/27/15;"The Top 10 Cryptocurrency Research Papers of 2015";"all";
"http://spectrum.ieee.org/tech-talk/telecom/internet/fear-and-loathing-in-the-bitcoin-world";"IEEE Spectrum";01/21/16;"Bitcoin Needs (Gasp!) Formal Governance";"eyal";"feature"
"http://www.theregister.co.uk/2016/02/10/crypto_connoisseurs_curl_up_with_princetons_300page_ode_to_bitcoin/";"The Register";02/10/16;"Crypto connoisseurs: Curl up with Princeton's 300-page ode to Bitcoin";"miller";
"https://www.technologyreview.com/s/600781/technical-roadblock-might-shatter-bitcoin-dreams/";"MIT Technology Review";02/16/16;"Technical Roadblock Might Shatter Bitcoin Dreams";"sirer,eyal";"feature"
"http://www.coindesk.com/researchers-redesign-scaling-decentralized-blockchains/";"CoinDesk";02/17/16;"Researchers Argue Radical Redesigns Needed to Scale Decentralized Blockchains";"sirer,eyal";
"http://www.ibtimes.co.uk/blockchain-experts-provide-contrasts-predictions-consensus-protocols-1545929";"IB Times";02/25/16;"Blockchain experts provide contrasts and predictions on consensus protocols";"sirer,eyal";
"http://www.blockcy.com/bitcoin-vault-making-bitcoin-theft-impossible";"Blockcy";02/27/16;"No More Bitcoin Theft With This New Invention Says Professor";"sirer,eyal";
"http://www.newsbtc.com/2016/02/28/bitcoin-covenant-defense-bitcoin-theft/";"News BTC";02/28/16;"The Bitcoin Covenant — Defense Against Bitcoin Theft !";"sirer,eyal";
"https://bitcoinmagazine.com/articles/the-bank-of-england-s-rscoin-an-experiment-for-central-banks-or-a-bitcoin-alternative-1459183955";"Bitcoin Magazine";03/28/16;"The Bank of England’s RSCoin: An Experiment for Central Banks or a Bitcoin Alternative?";"sirer,eyal";
"https://www.news.cornell.edu/stories/2016/04/ithaca-pittsford-score-high-school-programming-contest";"Cornell Chronicle";04/13/16;"Ithaca, Pittsford score in high school programming contest";"sirer,eyal";
"https://www.cryptocoinsnews.com/bitcoin-dev-peter-todd-forced-soft-forks-send-dangerous-message/";"Reuters";04/15/16;"Bitcoin Dev Peter Todd: Soft Forks Send Dangerous Message";"sirer,eyal";"feature"
"http://www.usatoday.com/story/tech/2016/05/02/bitcoin-founder-identified/83813744/";"USA Today";05/02/16;"Australian claims he is the founder of Bitcoin";"sirer,eyal";"feature"
"http://www.wsj.com/articles/craig-wright-claims-he-is-bitcoin-inventor-satoshi-nakamoto-1462182349";"Wall Street Journal";05/02/16;"Craig Wright Claims He Is Bitcoin Inventor ‘Satoshi Nakamoto'";"sirer,eyal";"feature"
"http://www.theverge.com/2016/5/2/11566296/craig-steven-wright-satoshi-nakamoto-bitcoin-proof";"The Verge";05/02/16;"The latest Bitcoin inventor claims don't add up";"sirer,eyal";"feature"
"http://www.foxnews.com/tech/2016/05/02/us-military-proposes-secure-self-destructing-messaging-app.html";"Fox News";05/02/16;"US military proposes secure, self-destructing messaging app";"sirer,eyal";"feature"
"https://www.technologyreview.com/s/601371/will-the-real-satoshi-nakamoto-help-fix-bitcoin/";"MIT Technology Review";05/02/16;"Will the Real Satoshi Nakamoto Help Fix Bitcoin?";"sirer,eyal";"feature"
"http://www.techtimes.com/articles/155533/20160503/australian-computer-scientist-shows-proof-he-is-bitcoin-creator-satoshi-nakamoto.htm";"Tech Times";05/03/16;"Australian Computer Scientist Shows Proof He Is Bitcoin Creator Satoshi Nakamoto";"sirer";
"https://www.salon.com/2016/05/05/bitcoins_self_proclaimed_founder_backtracks/";"Salon";05/05/16;"Bitcoin’s self-proclaimed founder backtracks";"sirer,eyal";"feature"
"http://www.latimes.com/business/technology/la-fi-tn-bitcoin-founder-20160505-story.html";"LA Times";05/05/16;"Bitcoin's self-proclaimed founder says he lacks 'courage' to give more proof";"sirer";"feature"
"http://www.reuters.com/article/us-bitcoin-governance-idUSKCN0XX1WU";"Reuters";05/06/16;"Bitcoin has a governance problem, no matter who created it";"sirer";"feature"
"http://www.lastampa.it/2016/05/06/economia/craig-wright-non-prova-di-essere-nakamoto-ma-il-mistero-si-infittisce-lV9CTvo0xQmNsTngt2hn4K/pagina.html";"La Stampa";05/06/16;"Craig Wright non prova di essere Nakamoto, ma il mistero si infittisce";"sirer,eyal";
"https://au.finance.yahoo.com/news/bitcoin-governance-problem-030107893.html";"Yahoo";05/11/16;"Bitcoin has a governance problem";"sirer";
"http://www.forbes.com/sites/laurashin/2016/05/18/leaderless-company-rakes-in-133-million-new-crowdfunding-rules-allow-startups-to-raise-1-million/#690459f37513";"Forbes";05/18/16;"Leaderless Company Rakes In $133 Million – New Crowdfunding Rules Allow Startups To Raise $1 Million";"sirer,eyal";
"http://www.coindesk.com/amid-huge-fundraise-thedao-sparks-a-public-debate/";"Coindesk";05/18/16;"Public Opinion Split As The DAO Rakes in Ethereum Funding";"sirer,eyal";
"http://www.americanbanker.com/news/bank-technology/smart-contracts-a-tool-for-bank-lawyers-not-a-replacement-1081078-1.html";"American Banker";05/19/16;"Smart Contracts: A Tool for Bank Lawyers, Not a Replacement";"juels";"feature"
"http://www.independent.com/news/2016/may/23/computer-expert-raises-new-concerns-bitcoin-users/";"Independent";05/23/16;"Computer Expert Raises New Concerns for Bitcoin Users";"sirer,eyal";
"https://www.newscientist.com/article/2090656-controversial-software-claims-to-tell-personality-from-your-face/";"New Scientist";05/27/16;"Controversial software claims to tell personality from your face";"sirer,eyal";"feature"
"http://www.coindesk.com/kraken-dao-trading-critics-moratorium/";"CoinDesk";05/27/16;"Kraken to Add DAO Trading as Critics Call for Moratorium";"sirer";
"http://www.nytimes.com/2016/05/28/business/dealbook/paper-points-up-flaws-in-venture-fund-based-on-virtual-money.html?smid=tw-share&_r=0";"New York Times";05/27/16;"Paper Points Up Flaws in Venture Fund Based on Virtual Money - The New York Times";"sirer,eyal";"feature"
"http://spectrum.ieee.org/tech-talk/computing/networks/ethereums-150-million-dollar-dao-opens-for-business-just-as-researchers-call-for-a-moratorium";"IEEE Spectrum";05/28/16;"Ethereum’s $150-Million Blockchain-Powered Fund Opens Just as Researchers Call For a Halt";"sirer";"feature"
"http://bitcoinist.net/the-seven-sins-dao/";"Bitcoinist";05/28/16;"The Seven Sins of the DAO";"sirer";
"http://themerkle.com/a-group-of-researchers-call-for-a-temporary-moratorium-on-dao-proposals/";"The Merkle";05/30/16;"A Group of Researchers Call For a Temporary Moratorium On DAO Proposals – The Merkle";"sirer,eyal";
"http://www.fxnewscall.com/ethereum-problems-for-the-150-million-blockchain-powered-ethereum-fund/1940774/";"Fx News Call";05/30/16;"Ethereum Problems For The $150 Million Blockchain Powered Ethereum Fund? - FX News Call";"sirer,eyal";
"http://www.the-blockchain.com/2016/05/30/ethereums-blockchain-dao-fund-opens-critical-analysis-security-experts/";"Blockchain News";05/30/16;"Ethereum's $150 Million Blockchain DAO Fund Opens To Critical Analysis by Security Experts - Blockchain News";"sirer,eyal";
"http://qz.com/695033/the-dao-security-concerns-funded-by-ether/";"Quartz";05/30/16;"Researchers point to possible security flaws in the DAO, the $150 million virtual-company experiment";"sirer,eyal";
"http://coinjournal.net/slock-security-proposal-dao-vlad-attacks/";"CoinJournal";05/30/16;"Slock.it Submits Security Proposal to The DAO Amid ‘Vlad Attacks’ Concerns";"sirer";
"http://www.econotimes.com/Three-individuals-call-for-a-moratorium-to-prevent-losses-to-the-Ethereum-DAO-215220";"EconoTimes";05/31/16;"Three individuals call for a moratorium to prevent losses to the Ethereum DAO";"sirer,eyal";
"https://www.cryptocoinsnews.com/ethereum-dao-critics-call-for-a-moratorium/";"CryptoCoinsNews";05/31/16;"Ethereum DAO Critics Call for a Moratorium";"sirer";
"http://www.haaretz.co.il/captain/net/.premium-1.2961874";"Haaretz";06/01/16;"DAO";"sirer,eyal";
"http://siliconangle.com/blog/2016/06/01/bitcoin-weekly-2016-june-1-china-influences-20-rise-in-market-value-btc-not-money-case-australia-auctioning-11-5m-in-bitcoins-the-dao-comes-online/";"Silicon Angle";06/01/16;"Bitcoin Weekly 2016 June 1: China influences rise in market value, BTC ‘not money’ case, Australia auctioning $11.5M in bitcoins, the DAO comes online";"sirer";
"http://www.newsbtc.com/2016/06/03/slock-releases-first-version-dao-proposal-framework/";"News BTC";06/03/16;"Slock.it Releases First Version of DAO Proposal Framework";"sirer";
"http://cointelegraph.com/news/social-kapital-goes-further-than-dao-in-security-concerns";"Coin Telegraph";06/06/16;"Social Kapital Goes Further Than DAO in Security Concerns";"sirer";
"http://www.wired.com/2016/06/biggest-crowdfunding-project-ever-dao-mess/";"Wired Magazine";06/06/16;"The Biggest Crowdfunding Project Ever—the DAO—Is Kind of a Mess";"sirer";"feature"
"https://www.technologyreview.com/s/601643/companies-are-stockpiling-bitcoin-to-pay-off-cybercriminals/#/set/id/601637/";"MIT Technology Review";06/07/16;"Companies Are Stockpiling Bitcoin to Pay Off Cybercriminals";"sirer";"feature"
"http://news.softpedia.com/news/companies-are-stockpiling-bitcoin-in-case-they-get-infected-with-ransomware-504987.shtml";"Softpedia";06/08/16;"Companies Are Stockpiling Bitcoin in Case They Get Infected with Ransomware";"sirer";
"http://bravenewcoin.com/news/large-uk-businesses-holding-bitcoin-to-pay-ransoms/";"Brave New Coin";06/09/16;"Large UK businesses are holding bitcoin to pay ransoms";"sirer";
"http://cointelegraph.com/news/fixing-dao-will-take-months-communitys-response-is-crucial";"Coin Telegraph";06/09/16;"Fixing DAO Will Take Months, Community’s Response Is Crucial";"sirer";
"http://www.coindesk.com/dao-can-keep-becoming-next-mt-gox/";"CoinDesk";06/09/16;"Will The DAO Become Ethereum's Mt Gox?";"sirer";
"https://www.news.cornell.edu/stories/2016/06/new-cryptocurrency-introduces-new-risks";"Cornell Chronicle";06/16/16;"New cryptocurrency introduces new risks";"sirer";
"http://www.coindesk.com/the-dao-is-closing-down/";"CoinDesk";06/17/16;"The DAO is Closing Down";"sirer";
"http://www.nytimes.com/2016/06/18/business/dealbook/hacker-may-have-removed-more-than-50-million-from-experimental-cybercurrency-project.html";"New York Times";06/17/16;"A Hacking of More Than $50 Million Dollars Dashes Hopes in the World of Virtual Currency";"sirer";"feature"
"https://next.ft.com/content/591518a0-34df-11e6-ad39-3fee5ffe5b5b";"Financial Times";06/17/16;"‘Ether’ brought to earth by theft of $50m in cryptocurrency";"sirer";"feature"
"http://www.pcmag.com/news/345402/hacker-takes-50-million-worth-of-ether-a-rival-to-bitcoin";"PC Magazine";06/17/16;"Hacker Takes $50 Million Worth of Ether, A Rival to Bitcoin";"sirer";
"http://bitcoinist.net/the-explosion-dao/";"Bitcoinist";06/17/16;"The Explosion of the DAO, Over 3 Million Ether Stolen";"sirer";
"https://www.technologyreview.com/s/601724/80-million-hack-shows-the-dangers-of-programmable-money/";"MIT Technology Review";06/18/16;"$80 Million Hack Shows the Dangers of Programmable Money";"sirer";"feature"
"http://www.wired.com/2016/06/50-million-hack-just-showed-dao-human/";"Wired Magazine";06/18/16;"A $50 Million Hack Just Showed That the DAO Was All Too Human";"sirer";"feature"
"https://www.cryptocoinsnews.com/dao-shambles-wake-call-entire-ecosystem/";"CryptoCoinsNews";06/19/16;"The DAO Shambles is a Wake up Call for the Entire Ecosystem";"sirer";
"http://www.forbes.com/sites/francescoppola/2016/06/20/the-dao-hacking-shows-that-coders-are-not-infallible/#fb044a4125dc";"Forbes";06/20/16;"The DAO Hacking Shows That Coders Are Not Infallible";"daian";
"http://www.zeit.de/digital/internet/2016-06/the-dao-blockchain-ether-hack";"Die Zeit";06/20/16;"Und plötzlich fehlen 50 Millionen Dollar";"sirer";
"http://www.computing.co.uk/ctg/news/2462011/doa-hacker-syphons-off-gbp30m-in-crypto-currency-ethereum";"Computing Magazine";06/20/16;"DAO hacker syphons off £30m in crypto-currency Ethereum";"sirer";
"http://www.cio.com/article/3086207/cloud-computing/a-blockchain-smart-contract-could-cost-investors-millions.html";"CIO";06/20/16;"A blockchain 'smart contract' could cost investors millions";"sirer";
"http://www.zdnet.be/nieuws/182551/hacker-claimt-rechtmatig-bezit-van-53-miljoen-dollar-gestolen-cryptogeld/";"ZDNet.be";06/20/16;"Hacker claimt rechtmatig bezit 53 miljoen dollar gestolen cryptogeld";"sirer";
"http://www.linformaticien.com/actualites/id/40863/la-cryptomonnaie-ether-victime-d-un-piratage-massif.aspx";"L\'Informaticien";06/20/16;"La cryptomonnaie Ether victime d’un piratage massif";"sirer";
"http://www.agoravox.fr/tribune-libre/article/le-detournement-de-50-millions-de-182063";"AgoraVox";06/20/16;"Le détournement de 50 millions de dollars sape à la base l’émule du Bitcoin";"sirer";
"http://www.programmez.com/actualites/piratage-de-thedao-50-millions-de-dollars-virtuels-reellement-derobes-24522";"Programmez";06/20/16;"Piratage de TheDAO : 50 millions de dollars virtuels réellement dérobés";"sirer";
"http://www.haaretz.co.il/captain/net/.premium-1.2981022";"Haaretz";06/20/16;"50 מיליון דולר נשאבו, וב-Dao מגלים את המגבלות של אוטופיה מתוכנתת ";"sirer ";
"http://www.pcworld.com/article/3086211/a-blockchain-smart-contract-could-cost-investors-millions.html";"PC World";06/20/16;"A blockchain 'smart contract' could cost investors millions";"sirer";
"https://bitcoinmagazine.com/articles/a-legal-analysis-of-the-dao-exploit-and-possible-investor-rights-1466524659";"Bitcoin Magazine";06/21/16;"A Legal Analysis of the DAO Exploit and Possible Investor Rights";"sirer";
"http://www.techworld.com.au/article/602102/blockchain-smart-contract-could-cost-investors-millions/";"TechWorld Australia";06/21/16;"A blockchain 'smart contract' could cost investors millions";"sirer";
"http://www.coindesk.com/can-learn-dao/";"CoinDesk";06/21/16;"What We Can Learn From the DAO";"sirer";
"http://www.bbc.com/news/technology-36585930";"BBC";06/21/16;"Hack attack drains start-up investment fund";"sirer";"feature"
"http://www.nasdaq.com/article/a-legal-analysis-of-the-dao-exploit-and-possible-investor-rights-cm638561";"NASDAQ";06/21/16;"A Legal Analysis of the DAO Exploit and Possible Investor Rights";"sirer";"feature"
"http://www.sueddeutsche.de/digital/the-dao-millionen-dollar-raub-spaltet-verfechter-von-kryptowaehrung-1.3044097";"Süddeutche Zeitung";06/21/16;"53-Millionen-Dollar-Raub spaltet Verfechter von Kryptowährung";"sirer";
"http://www.coindesk.com/cornell-prof-discovered-dao-vulnerability-reveals-10-exploits/";"CoinDesk";06/22/16;"Cornell Professor Calls for 'DAO 2.0' Movement";"sirer";
"https://cryptoscope.blogspot.com/2016/06/20.html";"Cryptoscope";06/23/16;"Эмин Гюн Сирер: ДАО 2.0 должна быть продумана более тщательно";"sirer";
"http://www.economist.com/news/finance-and-economics/21701136-cyber-attacker-outsmarts-smart-contract-theft-property";"The Economist";06/25/16;"Theft is Property";"sirer";"feature"
"http://bitcoinist.net/dao-soft-fork-ethereum-vulnerable/";"Bitcoinist";06/28/16;"DAO Wars Soft Fork Makes Ethereum Blockchain Vulnerable";"sirer";
"http://www.nytimes.com/2016/07/03/business/dealbook/bitcoin-china.html?smid=tw-share";"New York Times";06/28/16;"How China Took Center Stage in Bitcoin's Civil War";"sirer";"feature"
"https://www.cryptocoinsnews.com/ethereum-crises-deepens-softfork-hardfork-decision-just-16-days/";"CryptoCoinsNews";06/29/16;"Ethereum Crises Deepens; SoftFork Out, HardFork Decision in Just 16 Days";"sirer";
"http://www.lrb.co.uk/v38/n13/andrew-ohagan/the-satoshi-affair";"London Review of Books";06/30/16;"The Satoshi Affair";"sirer";"feature"
"https://www.inverse.com/article/17788-dao-53-million-stolen-ethereum-hack-bitcoin-cryptocurrency-code-ether-july-14";"Inverse";06/30/16;"Ethereum's Coders Race to Recover Their Stolen $53 Million";"sirer";
"http://www.theverge.com/2016/6/30/12068258/ethereum-dao-heist-theft-cryptocurrency-53-million";"The Verge";06/30/16;"Time is running out to stop a $53 million cryptocurrency heist";"sirer";
"https://techcrunch.com/2016/07/02/the-only-thing-that-really-worried-me-was-the-ether/";"TechCrunch";07/02/16;"A brief history of cryptocurrency drama, or, what could possibly DAO wrong?";"sirer";"feature"
"http://www.straitstimes.com/asia/east-asia/bitcoins-just-a-bit-confused";"Straits Times";07/03/16;"Bitcoin's just a bit confused";"sirer";
"http://www.ibtimes.co.uk/ethereums-vitalik-buterin-democratic-hard-fork-proves-mining-oligopoly-cannot-engage-censorship-1569079";"International Business Times";07/05/16;"Democratic hard fork proves a mining oligopoly cannot engage in censorship";"sirer";
"http://www.ibtimes.co.uk/ethereums-vitalik-buterin-democratic-hard-fork-proves-mining-oligopoly-cannot-engage-censorship-1569079";"International Business Times";07/05/16;"Ethereum's Vitalik Buterin: Soft fork vulnerability means a mining oligopoly cannot engage in censorship";"sirer";
"http://www.coindesk.com/ahead-bitcoin-halving-51-attack-risks-reappear/";"CoinDesk";07/06/16;"As Bitcoin Halving Approaches, 51% Attack Question Resurfaces";"sirer";
"http://www.econotimes.com/ETH-USD-slightly-recovers-as-Ethereum-community-focuses-on-hard-fork-decision-232292";"EconoTimes";07/06/16;"ETH/USD slightly recovers as Ethereum community focuses on hard fork decision";"sirer";
"https://bitcoinmagazine.com/articles/renowned-futurists-merkle-hanson-on-the-future-of-government-using-daos-and-prediction-markets-1468009940";"Bitcoin Magazine";07/08/16;"Renowned Futurists Merkle, Hanson on the Future of Government Using DAOs and Prediction Markets";"sirer";
"http://www.coindesk.com/author-daos-original-code-minimize-regulatory-backlash/";"CoinDesk";07/13/16;"The DAO Crisis: Or How Vigilantism and Blockchain Democracy Became the Best Hope for Burned Investors";"sirer";
"http://coinjournal.net/smart-contract-disasters-may-inevitable-ethereum/";"Coin Journal";07/13/16;"More Smart Contract Disasters May Be Inevitable for Ethereum";"sirer";
"https://motherboard.vice.com/read/the-biggest-hacker-whodunnit-of-the-summer";"Vice";07/14/16;"The Biggest Hacker Whodunnit of the Summer";"sirer";"feature"
"http://www.itworldcanada.com/article/as-a-blockchain-based-project-teeters-questions-about-the-technologys-security/385033";"IT World Canada";07/18/16;"As a blockchain-based project teeters, questions about the technology’s security";"sirer";
"http://qz.com/730004/everything-you-need-to-know-about-the-ethereum-hard-fork/";"Quartz";07/18/16;"Everything you need to know about the Ethereum “hard fork”";"sirer";
"http://www.econotimes.com/IC3-and-Ethereum-Foundation-organize-cryptocurrency-week-long-boot-camp-237866";"EconoTimes";07/19/16;"IC3 and Ethereum Foundation organize cryptocurrency week-long boot camp";"eyal,miller";
"https://motherboard.vice.com/read/ethereum-56m-hacker-the-dao-vitalik-buterin-hard-fork";"Vice";07/20/16;"Ethereum Inventor: We Got ‘Very Lucky’ In Gamble to Save $56M From Hacker";"sirer";
"http://www.coindesk.com/cornell-professor-calls-hard-fork-rite-passage-ethereum/";"CoinDesk";07/20/16;"DAO Critic Defends Ethereum Hard Fork as 'Rite of Passage'";"sirer";
"http://www.americanbanker.com/news/bank-technology/they-might-be-smart-but-these-contracts-need-to-be-more-secure-1090319-1.html";"American Banker";07/21/16;"They Might Be Smart, But These Contracts Need to Be More Secure";"sirer";
"http://www.coindesk.com/bitcoin-core-ethereum-hard-fork-unsettling-precedent/";"CoinDesk";07/22/16;"Bitcoin Developers Warn Ethereum Fork Sets Unsettling Precedent";"sirer";
"http://avc.com/2016/07/hard-forks/";"A VC";07/22/16;"Hard Forks";"sirer";
"http://www.thefinancialrevolutionist.com/weekly-briefing/2016/7/23/blockchain-2016-doers-dust-kickers-and-crazy-haired-guys";"The Financial Revolutionist";07/23/16;"Blockchain 2016: Doers, Dust Kickers and Crazy-Haired Guys";"sirer";
"https://www.cryptocoinsnews.com/how-to-make-bitcoin-thefts-impossible/";"Crypto Coins News";08/03/16;"How to Make Bitcoin Thefts Impossible";"sirer";
"http://www.scmagazineuk.com/hackers-have-stolen-49-million-worth-of-bitcoins/article/513724/";"SC Magazine";08/03/16;"Hackers have stolen £49 million worth of bitcoins";"sirer";
"http://gizmodo.com/hackers-steal-72-million-in-bitcoin-from-honk-kong-exc-1784757592";"Gizmodo";08/03/16;"Hackers Steal $72 Million in Bitcoin From Hong Kong Exchange";"sirer";
"http://qz.com/749789/bitcoin-exchanges-cant-stop-getting-hacked-no-matter-what-security-system-they-use/";"Quartz";08/04/16;"Bitcoin exchanges can’t stop getting hacked, no matter what security system they use";"sirer";
"http://www.americanbanker.com/news/law-regulation/did-regulatory-meddling-cause-bitfinex-hack-1090569-1.html";"American Banker";08/04/16;"Did Regulatory Meddling Cause Bitfinex Hack?";"sirer";
"http://www.gizmodo.com.au/2016/08/hackers-steal-95-million-in-bitcoin-fromhonk-kong-exchange/";"Gizmodo";08/04/16;"Hackers Steal $95 Million In Bitcoin From Hong Kong Exchange";"sirer";
"https://motherboard.vice.com/read/a-bizarre-60k-bitcoin-giveaway-is-most-likely-a-twisted-fake-lottery-bitfinex-hack-rekcahxfb";"Vice";08/05/16;"A Bizarre $600K Bitcoin Giveaway Is Most Likely a Twisted Fake Lottery";"sirer";
"https://www.cryptocoinsnews.com/bitfinexs-ceo-seemingly-tried-start-ponzi-scheme/";"Crypto Coins News";08/06/16;"Bitfinex’s Founder Seemingly Tried to Start a Ponzi Scheme";"sirer";
"http://www.bbc.com/news/technology-37009319";"BBC";08/07/16;"Bitfinex users to share 36% of bitcoin losses after hack";"sirer";"feature"
"https://cointelegraph.com/news/will-bitfinexs-loss-socialization-hold-up-in-court";"Coin Telegraph";08/08/16;"Will Bitfinex's ""Loss Socialization"" Hold Up in Court?";"sirer";
"http://fortune.com/2016/08/08/bitcoin-hack-exchange/";"Fortune";08/08/16;"Every User of This Hacked Bitcoin Exchange Is About to Lose 36% From Their Account";"sirer";
"http://www.nasdaq.com/article/how-to-secure-bitcoin-exchanges-or-why-all-hope-is-not-lost-cm662716";"NASDAQ";08/09/16;"How to Secure Bitcoin Exchanges, or Why All Hope Is Not Lost";"sirer";
"http://www.econotimes.com/Experts-deliberate-over-security-of-cryptocurrency-funds-260540";"EconoTimes";08/09/16;"Experts deliberate over security of cryptocurrency funds";"sirer";
"https://bitcoinmagazine.com/articles/how-to-secure-bitcoin-exchanges-or-why-all-hope-is-not-lost-1470764032";"Bitcoin Magazine";08/09/16;"How to Secure Bitcoin Exchanges, or Why All Hope Is Not Lost";"sirer";
"http://www.expressen.se/dinapengar/sparande/miljonhack-mot-bitcoin-drabbar-kunderna/";"Expressen";08/09/16;"Miljonhack mot Bitcoin drabbar kunderna";"sirer";
"http://bitcoinist.net/chain-inc-announces-partnership-with-the-initiative-for-cryptocurrency-and-contracts/";"Bitcoinist";08/11/16;"Chain Inc. Announces Partnership with the Initiative for Cryptocurrency and Contracts";"all";"feature"
"https://www.finextra.com/pressarticle/65667/chain-partners-initiative-for-cryptocurrency-and-contracts";"FinExtra";08/11/16;"Chain partners Initiative for Cryptocurrency and Contracts";"all";
"https://cointelegraph.com/news/bitfinex-offers-35-million-bounty-for-stolen-bitcoin";"Coin Telegraph";08/12/16;"Bitfinex Offers $3.5 Million Bounty for Stolen Bitcoin";"sirer";
"http://www.livebitcoinnews.com/chain-partners-with-ic3-to-create-better-financial-blockchain-networks/";"Live Bitcoin News";08/13/16;"Chain Partners With IC3 To Create Better Financial Blockchain Networks";"sirer";
"http://www.financemagnates.com/cryptocurrency/news/chain-joins-top-universities-initiative-for-cryptocurrency-and-contracts/";"Finance Magnates";08/14/16;"Chain Joins Top Universities’ Initiative for Cryptocurrency and Contracts";"all";
"http://motherboard.vice.com/read/was-a-bizarre-600k-bitcoin-lottery-really-a-marriage-proposal-rekcahxfb";"Vice";08/16/16;"Was a Bizarre $600K Bitcoin Lottery Really a Marriage Proposal?";"sirer";
"http://www.coindesk.com/wish-ethereum-classic-quick-painless-death/";"Coin Desk";08/17/16;"Why Ethereum Classic Must Die";"sirer";
"https://www.bloomberg.com/news/articles/2016-08-17/the-wretched-endless-cycle-of-bitcoin-hacks";"Bloomberg";08/18/16;"The Wretched, Endless Cycle of Bitcoin Hacks";"sirer";
"http://www.chicagotribune.com/business/ct-bitcoin-security-20160818-story.html";"Chicago Tribune";08/18/16;"After $65 million hack, questions of whether Bitcoin can be safe";"sirer";
"http://www.houstonchronicle.com/business/article/After-65-million-hack-questions-of-whether-9174023.php";"Houston Chronicle";08/19/16;"After $65 million hack, questions arise over whether Bitcoin can be safe";"sirer";"feature"
"https://heatst.com/biz/bitcoin-isnt-the-safe-store-of-wealth-everyone-thinks-it-is/";"Heat Street";08/19/16;"Bitcoin Isn’t the Safe Store of Wealth Everyone Thinks It Is";"sirer";
"https://www.cryptocoinsnews.com/bitfinexs-lesson-has-the-time-for-regulation-arrived/";"Crypto Coins News";08/19/16;"Bitfinex's Lesson: Has the Time for Regulation Arrived?";"sirer";
"http://www.elespectador.com/noticias/economia/hackers-roban-us65-millones-bitcoins-articulo-649885";"El Espectador";08/19/16;"Hackers roban US$65 millones en bitcoins";"sirer";
"http://gestion.pe/tecnologia/robo-us-65-millones-pone-mira-seguridad-bitcoin-2168378";"Gestion";08/22/16;"Robo de US$ 65 millones pone en la mira la seguridad del bitcoin";"sirer";
"https://bitcoinmagazine.com/articles/chain-joins-industry-academia-blockchain-initiative-to-solve-interoperability-and-scalability-issues-1471882821";"Bitcoin Magazine";08/22/16;"Chain Joins Industry-Academia Blockchain Initiative to Solve Interoperability and Scalability Issues";"all";"feature"
"http://www.coindesk.com/technical-impasses-preventing-bitcoin-hack-extinction/";"Coin Desk";08/28/16;"Inside 'Bitcoin Vault': Could a Technical Fix Block Hackers for Good?";"sirer";
"https://cointelegraph.com/news/what-we-learned-about-technocratic-fallacies-from-dao-collapse";"Coin Telegraph";08/30/16;"What We Learned About Technocratic Fallacies From DAO Collapse";"sirer";
"http://www.coindesk.com/on-chain-scaling-bitcoin-blockchain-conference/";"Coin Desk";09/02/16;"The Fight for On-Blockchain Bitcoin Scaling Soldiers On";"sirer";
"https://www.washingtonpost.com/world/asia_pacific/in-chinas-tibetan-highlands-the-bizarre-world-of-bitcoin-mining-finds-a-new-home/2016/09/12/7729cbea-657e-11e6-b4d8-33e931b5a26d_story.html";"Washington Post";09/12/16;"The bizarre world of bitcoin ‘mining’ finds a new home in Tibet";"sirer";"feature"
"https://www.cryptocoinsnews.com/blockchain-based-sports-game-wins-thomson-reuters-hackethon/";"Crypto Coins News";09/13/16;"Blockchain Based Sports Game Wins Thomson Reuters HackETHon";"sirer";
"https://www.cryptocoinsnews.com/chinas-mining-dominance-good-or-bad-for-bitcoin/";"Crypto Coins News";09/14/16;"China’s Mining Dominance: Good Or Bad For Bitcoin?";"sirer";
"https://cointelegraph.com/news/ipfs-protocol-selects-ethereum-over-bitcoin-prefers-ethereum-dev-community";"Coin Telegraph";09/24/16;"IPFS Protocol Selects Ethereum Over Bitcoin, Prefers Ethereum Dev Community";"sirer";
"http://fortune.com/ethereum-blockchain-vitalik-buterin/";"Fortune";09/27/16;"Can This 22-year-old Coder Out-Bitcoin Bitcoin?";"all";"feature"
" http://www.coindesk.com/ethereum-formal-verification-smart-contracts/";"Coin Desk";09/28/16;"In Formal Verification Push, Ethereum Seeks Smart Contract Certainty";"daian";
"https://www.cryptocoinsnews.com/stanford-university-to-host-blockchain-conference/";"Crypto Coins News";09/30/16;"Stanford University to Host Blockchain Conference";"sirer";
"http://www.forbes.com/sites/laurashin/2016/10/04/what-does-cornells-emin-gun-sirer-see-as-the-main-security-threats-in-cryptocurrency-everything/#34ffff071251";"Forbes";10/04/16;"What Does Cornell's Emin Gun Sirer See As The Main Security Threats In Cryptocurrency? 'Everything'";"sirer";
"http://www.news.ucsb.edu/2016/017243/all-mind";"UCSB";10/04/16;"All in the Mind";"sirer";
"http://www.coindesk.com/weight-scaling-bitcoin-milan-block-size/";"Coin Desk";10/09/16;"Why Weight? Bitcoin Scaling is Moving Beyond Block Size";"sirer";
"https://www.cryptocoinsnews.com/cryptocurrency-exchange-poloniex-insecure-security-review-claims/";"Crypto Coins News";10/15/16;"Cryptocurrency Exchange Poloniex is Insecure, Security Review Claims";"sirer";
"https://cointelegraph.com/news/crowdfunding-vs-ico-experts-question-legitimacy-and-guarantees-of-initial-coin-offerings";"Coin Telegraph";10/20/16;"Crowdfunding vs. ICO: Experts Question Legitimacy and Guarantees of Initial Coin Offerings";"sirer";
"https://www.bloomberg.com/news/articles/2016-10-24/blockchain-hype-takes-hit-as-chain-releases-code-for-all-to-use";"Bloomberg";10/24/16;"Blockchain Hype Takes Hit as Chain Releases Code for All to Use";"sirer";"feature"
"http://cornellsun.com/2016/10/25/cornell-prof-uncovers-bugs-in-smart-contract-system-urges-more-safety-in-program-design/";"Cornell Sun";10/25/16;"Cornell Prof Uncovers Bugs in Smart Contract System, Urges More Safety in Program Design";"sirer";
"https://bitcoinmagazine.com/articles/chain-releases-open-source-version-of-chain-core-technology-powering-visa-s-new-b-b-connect-1477422964";"Bitcoin Magazine";10/25/16;"Chain Releases Open-Source Version of Chain Core Technology Powering Visa’s New B2B Connect";"sirer";
"http://www.coindesk.com/ethereum-classic-blockchain-fork-ddos-attacks/";"Coin Desk";10/25/16;"The Blockchain Created By Ethereum's Fork is Forking Now";"sirer";
"https://www.cryptocoinsnews.com/ethereum-classic-hardforks-successfully/";"Crypto Coins News";10/25/16;"Ethereum Classic Hardforks Successfully";"sirer";
"http://www.bbc.com/news/technology-37307826";"BBC";10/25/16;"Blockchain bandits hit crypto start-ups";"juels";"feature"
"http://motherboard.vice.com/read/how-vigilante-hackers-could-stop-the-internet-of-things-botnet";"Motherboard";10/26/16;"How Vigilante Hackers Could Stop the Internet of Things Botnet";"sirer";
"http://www.news.cornell.edu/stories/2016/11/making-cryptocurrency-safe-and-reliable";"Cornell Chronicle";11/02/16;"Making 'cryptocurrency' safe and reliable";"sirer";
"http://www.coindesk.com/bitcoin-anti-theft-feature-sees-sidechains-testing/";"Coin Desk";11/04/16;"Stolen Bitcoin? Anti-Theft Feature Gets Second Life on Sidechains";"sirer";
"https://www.crowdfundinsider.com/2016/11/92093-sec-publishes-agenda-fintech-forum-november-14th/";"CrowdFund Insider";11/04/16;"SEC Publishes Agenda for Fintech Forum on November 14th";"sirer";
"http://heavy.com/tech/2016/11/voting-machines-hacked-manipulated-is-election-rigged-democrats-trump-2016-presidential-november-8-george-soros-wikileaks-types-of/";"Heavy";11/07/16;"Voting Machines Hacked: 5 Fast Facts You Need to Know";"sirer";
"https://www.buzzfeed.com/nidhisubbaraman/these-immigrant-scientists-are-spooked?utm_term=.riV3RQ2gl#.nyLnVE53j";"Buzzfeed";11/12/16;"Meet The Immigrant Scientists Spooked By A Looming Trump Presidency";"sirer";
"http://www.coindesk.com/blockchain-wont-just-change-regulation-change-sec/";"Coin Desk";11/15/16;"Blockchain Won't Just Change Regulation, it Could Reshape the SEC";"sirer";
"https://bitcoinmagazine.com/articles/sec-panelists-on-astonishing-but-not-very-sexy-blockchain-achieving-network-effect-will-produce-winners-1479316357";"Bitcoin Magazine";11/16/16;"SEC Panelists on “Astonishing” But “Not Very Sexy” Blockchain: Achieving Network Effect Will Produce Winners";"sirer";
"https://themerkle.com/the-american-tax-agency-is-asking-bitcoin-startup-coinbase-to-hand-out-users-data/";"The Merkle";11/20/16;"The American Tax Agency Is Asking Bitcoin Startup Coinbase To Hand Out User’s Data";"sirer";
"http://qz.com/844507/bitcoin-and-blockchain-seem-more-and-more-like-solutions-looking-for-a-problem/";"Quartz";11/23/16;"Bitcoin and blockchain seem more and more like solutions looking for a problem";"sirer";
"http://www.coindesk.com/blockchain-smart-contracts-looming-challenges/";"CoinDesk";11/30/16;"Blockchain Pros Debate 'Looming Challenges' for Smart Contracts";"juels";
"http://www.coindesk.com/blockchain-builders-can-thrive-donald-trumps-america/";"Coin Desk";12/06/16;"Donald Trump's Transition is a Trial Run for Smart Contracts";"sirer";
"http://www.coindesk.com/coindesks-influential-people-blockchain-2016/";"Coin Desk";12/14/16;"CoinDesk's Most Influential People in Blockchain 2016";"sirer";
"http://www.coindesk.com/trusted-hardware-can-help-bitcoin-scale-cost/";"Coin Desk";12/17/16;"Trusted Hardware Can Help Bitcoin Scale, But At What Cost?";"all";
"http://thehill.com/blogs/congress-blog/economy-budget/311067-sec-ramps-up-blockchain-efforts";"The Hill";12/19/16;"SEC ramps up blockchain effors";"sirer";
"https://cointelegraph.com/news/bitcoin-block-size-and-scaling-issues-may-be-solved-with-this-new-solution";"Coin Telegraph";12/24/16;"Bitcoin Block Size and Scaling Issues May Be Solved With This New Solution";"sirer";
"http://www.newsbtc.com/2016/12/25/teechan-can-potential-solution-bitcoin-scalability/";"News BTC";12/25/16;"Teechan Can Be the Potential Solution for Bitcoin Scalability";"sirer";
"https://bitcoinmagazine.com/articles/if-there-is-an-answer-to-selfish-mining-braiding-could-be-it-1482876153/";"Bitcoin Magazine";12/27/16;"If There Is an Answer to Selfish Mining, Braiding Could Be It";"sirer";
"http://www.nasdaq.com/article/the-teechan-solution-scaling-bitcoin-with-trusted-hardware-cm727142";"Nasdaq";12/28/16;"The Teechan Solution: Scaling Bitcoin With Trusted Hardware";"sirer";"feature"
"https://criptonoticias.com/colecciones/influyentes-blockchain-bitcoin-2016/#axzz4kb8zb74L";"Criptonoticias";12/30/16;"Los personajes más influyentes de blockchain y bitcoin en el 2016";"sirer";
"https://fee.org/articles/blockchain-predictions-for-2017/";"Foundation for Economic Education";12/30/16;"Blockchain Predictions for 2017";"all";
"https://motherboard.vice.com/en_us/article/bitcoins-first-felon-charlie-shrem-wants-to-use-ethereum-to-buy-up-michigans-waste-industry";"Motherboard";01/05/17;"Bitcoin’s First Felon Wants to Use Ethereum to Buy Up Michigan’s Waste Industry";"sirer";
"http://www.the-blockchain.com/2017/01/12/blockchain-vips-gather-major-retreat-month/";"The Blockchain";01/12/17;"Blockchain VIP’s to Gather for Major Retreat This Month";"Sirer";
"https://www.technologyreview.com/s/603352/one-startups-vision-to-reinvent-the-web-for-better-privacy/";"MIT Technology Review";01/13/17;"One Startup’s Vision to Reinvent the Web for Better Privacy";"sirer";"feature"
"https://criptonoticias.com/mineria/ethereum-classic-bifurca-cadena-bloques-eliminar-bomba-de-dificultad-mineria/";"Criptonoticias";01/15/17;"Ethereum Classic bifurcates its chain of blocks to eliminate 'pump of difficulty' of mining";"sirer";
"https://motherboard.vice.com/en_us/article/why-did-police-kill-an-alleged-small-time-hacker-canada-sam-maloney";"Motherboard";01/17/17;"Why Did Police Kill an Alleged Small-Time Hacker?";"Sirer";
"https://criptonoticias.com/entrevistas/pablo-gonzalez-munoz-deloitte-digital-blockchain-construyendo-nueva-era-creacion-valor-cambiara-mundo/#axzz4kb8zb74L";"Criptonoticias";01/19/17;"Pablo González Muñoz: “Blockchain está construyendo una nueva era de creación del valor que cambiará el mundo”";"sirer";
"http://www.ibtimes.co.uk/blockchain-experts-discuss-fake-news-reputation-1603385";"International Business Times";01/31/17;"Blockchain experts discuss fake news and reputation";"sirer";
"https://www.cryptocoinsnews.com/bitcoiner-pepper-sprayed-uc-berkeley-protests/";"Crypto Coins News";02/02/17;"Bitcoiner Pepper-Sprayed at UC Berkeley Protests";"sirer";
"http://www.coindesk.com/what-makes-bitcoin-great-one-academic-is-on-a-quest-to-find-out/";"CoinDesk";02/08/17;"What Makes Bitcoin Great? One Scientist is On a Quest to Find Out";"all";"feature"
"http://www.coindesk.com/hardware-hard-forks-accenture-plans-end-blockchain-security-concerns/";"CoinDesk";02/14/17;"Hardware Over Hard Forks: How Accenture Plans to End Blockchain's Security Debate";"all";"feature"
"https://www.technologyreview.com/press-room/press-release/20170215-business-of-blockchain-announcement/";"MIT Technology Review";02/15/17;"New “Business of Blockchain” Conference Cohosted by MIT Technology Review and the MIT Media Lab Explains the Impact of Blockchain Across Industries";"sirer";"feature"
"https://www.nytimes.com/2017/03/04/business/dealbook/blockchain-ibm-bitcoin.html?_r=0";"New York Times";03/04/17;"Blockchain: A Better Way to Track Pork Chops, Bonds, Bad Peanut Butter?";"sirer";"feature"
"https://motherboard.vice.com/en_us/article/bitcoin-is-still-unsustainable";"Motherboard";03/07/17;"A Single Bitcoin Transaction Takes Thousands of Times More Energy Than a Credit Card Swipe";"eyal";
"https://www.cryptocoinsnews.com/bitclub-attacks-the-bitcoin-network-with-transaction-malleability/";"Crypto Coins News";03/10/17;"BitClub Attacks the Bitcoin Network with Transaction Malleability";"sirer";
"https://cointelegraph.com/news/bitclub-is-accused-by-bitcoin-unlimited-supporters-in-performing-malleability-attack-on-network";"Coin Telegraph";03/11/17;"BitClub is Accused By Bitcoin Unlimited Supporters In Performing Malleability Attack on Network";"sirer";
"https://www.cryptocoinsnews.com/bitcoin-core-supporter-threatens-zero-day-exploit-bitcoin-unlimited-hardforks/";"Crypto Coins News";03/14/17;"Bitcoin Core Supporter Threatens Zero Day Exploit if Bitcoin Unlimited Hardforks";"Sirer";
"http://www.coindesk.com/could-the-super-uasf-break-bitcoins-scaling-deadlock/";"CoinDesk";03/15/17;"'Super UASF': Could a Clever Idea Break Bitcoin's Scaling Deadlock?";"daian";
"http://www.pymnts.com/news/bitcoin-tracker/2017/bitcoin-tracker-wannacry-doesnt-pay/";"Pymnts";03/19/17;"Bitcoin Tracker: WannaCry Doesn’t Pay";"sirer";
"https://www.bloomberg.com/news/articles/2017-03-23/post-bitcoin-technology-has-geeks-giants-and-hackers-excited";"Bloomberg ";03/23/17;"Post-Bitcoin Technology Has Geeks, Giants, and Hackers Excited";"sirer";"feature"
"http://www.coindesk.com/inside-ic3-cornell-science-of-magic-internet-money-bitcoin/";"CoinDesk";03/29/17;"Inside IC3: How Cornell is Advancing the Science of Bitcoin";"all";"feature"
"http://www.coindesk.com/no-incentive-algorand-blockchain-sparks-debate-cryptography-event/";"Coin Desk";04/04/17;"No Incentive? Algorand Blockchain Sparks Debate at Cryptography Event";"sirer";
"http://www.the-blockchain.com/2017/04/04/groundbreaking-blockchain-research-feature-international-financial-cryptography-conference/";"The Blockchain";04/04/17;"Groundbreaking Blockchain Research to Feature at International Financial Cryptography Conference";"sirer";
"https://www.forbes.com/sites/laurashin/2017/04/04/bitcoin-is-mired-in-a-civil-war-can-this-proposal-save-it/#5710ee716c54";"Forbes";04/04/17;"Bitcoin Is Mired In A Civil War. Can This Proposal Save It?";"sirer";
"http://techwireasia.com/2017/04/cryptocurrency-ethereum-gains-popularity-asian-companies-taking-note/";"Tech Wire Asia";04/04/17;"Cryptocurrency Ethereum gains popularity, more Asian companies taking note";"sirer";
"https://www.cryptocoinsnews.com/schism-developing-lightning-network-bitcoin-core-developers/";"Crypto Coins News";04/05/17;"Schism Developing Between Lightning Network and Bitcoin Core Developers";"sirer";
"https://www.cryptocoinsnews.com/bitmain-never-used-asicboost-production-says-jihan-wu/";"Crypto Coins News";04/06/17;"“Bitmain Has Never Used AsicBoost in Production”, Says Jihan Wu";"sirer";
"http://www.coindesk.com/bitcoins-new-controversy-asicboost-allegations-explained/";"Coin Desk";04/06/17;"Bitcoin's New Controversy: The AsicBoost Allegations Explained";"sirer";
"https://criptonoticias.com/aplicaciones/bitpay-purse-lightning-network-ofrecen-solucion-escalabilidad-bitcoin/#axzz4kb8zb74L";"Criptonoticias";04/06/17;"BitPay, Purse y Lightning Network ofrecen solución de escalabilidad para Bitcoin";"sirer";
"https://cointelegraph.com/news/spot-the-difference-ic3-blockchain-group-gains-first-financial-member";"Coin Telegraph";04/10/17;"Spot the Difference? “IC3” Blockchain Group Gains First Financial Member";"sirer";
"http://www.econotimes.com/IC3-blockchain-group-adds-Fidelity-as-member-634556";"EconoTimes";04/10/17;"IC3 blockchain group adds Fidelity as member";"sirer";
"https://www.fidelity.com/about-fidelity/news-releases/overview";"Fidelity";04/10/17;"Fidelity is First in Finance to Support IC3: Global Financial Leader Joins IC3 to Explore Blockchains";"all";"feature"
"http://www.reuters.com/article/fidelity-blockchain-idUSL1N1HH0N7";"Reuters";04/10/17;"Fidelity becomes first asset manager to join blockchain group IC3";"sirer,all";"feature"
"https://cointelegraph.com/news/secret-bitcoin-troll-army-pushes-for-segwit-adoption-emin-gun-sirer";"Coin Telegraph";04/12/17;"Secret Bitcoin Troll Army Pushes for SegWit Adoption: Emin Gun Sirer";"sirer";
"https://criptonoticias.com/opinion/asicboost-nuevo-tema-discusion-bitcoin/#axzz4kkNYGOVy";"Criptonoticias";04/12/17;"Why AsicBoost is the new topic of discussion in Bitcoin";"sirer";
"https://www.cryptocoinsnews.com/fidelity-blockchain-initiative-ic3/";"Crypto Coins News";04/13/17;"Fidelity Joins Cryptocurrency & Blockchain Initiative IC3";"sirer";
"http://sobrebitcoin.com/asic-boots-un-nuevo-drama-en-la-comunidad-bitcoin/";"SobreBitcoin";04/14/17;"ASIC Boots: un nuevo drama en la comunidad Bitcoin.";"sirer";
"https://criptonoticias.com/colecciones/guia-supervivencia-hardfork-bitcoin/#axzz4kb8zb74L";"Criptonoticias";04/15/17;"Guía de supervivencia para un hardfork de Bitcoin";"sirer";
"https://cointelegraph.com/news/monero-transactions-history-can-be-revealed-and-exposed-research";"Coin Telegraph";04/15/17;"Monero Transactions History Can Be Revealed and Exposed: Research";"miller";
"https://www.technologyreview.com/s/604219/blockchains-weak-spots-pose-a-hidden-danger-to-users/";"MIT Technology Review";04/18/17;"Blockchain’s Weak Spots Pose a Hidden Danger to Users";"sirer";
"http://www.fiercehealthcare.com/privacy-security/cornell-researcher-warns-blockchain-isn-t-foolproof";"Fierce Health Care";04/19/17;"Cornell researcher warns blockchain isn’t foolproof";"sirer";
"http://www.coindesk.com/cornell-professor-many-blockchain-failures-lie-ahead/";"Coin Desk";04/19/17;"Cornell Prof: Blockchain Exuberance Shouldn't Cloud Consequences";"sirer";
"https://www.forbes.com/sites/laurashin/2017/04/20/why-bitcoins-greatest-asset-could-also-spell-its-doom/#e8d75736adcd";"Forbes";04/20/17;"Why Bitcoin's Greatest Asset Could Also Spell Its Doom";"sirer";
"http://www.wbur.org/bostonomix/2017/04/20/blockchain-explainer";"WBUR";04/20/17;"What Blockchain Is, And Why Some Experts Say It's As Revolutionary As The Internet";"sirer";
"http://www.coindesk.com/ic3-researchers-propose-solidus-protocol-private-transactions/";"CoinDesk";04/20/17;"IC3 Researchers Propose ‘Solidus’ Protocol for Private Transactions";"all";"feature"
"https://www.cryptocoinsnews.com/bitcoin-mining-antlbleed-bombshell-smear-circus/";"Crypto Coins News";04/27/17;"Bitcoin Mining: Is Antbleed a Bombshell, a Smear Campaign, or a Circus?";"sirer";
"http://searchcio.techtarget.com/news/450418402/Failure-is-a-critical-component-for-blockchain-development";"Techtarget";05/08/17;"Failure is a critical component for blockchain development";"sirer";
"https://www.ethnews.com/town-crier-service-delivers-solid-data-to-coders";"ETHNews";05/11/17;"Town Crier Service Delivers Solid Data To Coders";"juels,fanz";
"https://www.technologyreview.com/s/604336/how-encrypted-weather-data-could-help-corporate-blockchain-dreams-come-true/";"MIT Technology Review";05/11/17;"How Encrypted Weather Data Could Help Corporate Blockchain Dreams Come True";"juels";"feature"
"http://www.denverpost.com/2017/05/12/nsa-leak-malware-cripples-computers/";"The Denver Post";05/12/17;"Malware, described in leaked NSA documents, cripples computers worldwide";"sirer";
"http://www.telegram.com/news/20170512/hack-hits-computers-worldwide-exploiting-weakness-idd-in-leaked-nsa-documents";"Telegram";05/12/17;"Hack hits computers worldwide, exploiting weakness ID’d in leaked NSA documents";"sirer";
"http://normangeestar.net/2017/05/13/uk-hospitals-turn-away-patients-after-ransomware-attack/";"Normangee Star";05/13/17;"UK hospitals turn away patients after ransomware attack";"sirer";
"https://www.cryptocoinsnews.com/ethereum-price-moves-upwards-after-some-consolidation/";"Crypto Coins News";05/15/17;"Ethereum Price Moves Upwards After Some Consolidation";"sirer";
"http://www.coindesk.com/trust-your-oracle-cornell-launches-tool-for-confidential-blockchain-queries/";"CoinDesk";05/17/17;"Trust Your Oracle? Cornell Launches Tool for Confidential Blockchain Queries";"juels";
"http://www.coindesk.com/the-world-is-watching-can-wannacrys-creators-cash-out-their-bitcoin-ransom/";"Coin Desk";05/18/17;"The World Is Watching: Can WannaCry's Creators Cash Out Their Bitcoin Ransom?";"sirer";
"http://ca.reuters.com/article/technologyNews/idCAKCN18E2F1-OCATC";"Reuters";05/18/17;"Bitcoin's murkier rivals line up to displace it as cybercriminals' favourite";"sirer";"feature"
"http://www.khaleejtimes.com/technology/bitcoin-in-danger-of-losing-this-ignominious-title";"Khaleejtimes";05/19/17;"Bitcoin in danger of losing this ignominious title";"sirer";
"http://www.pymnts.com/news/bitcoin-tracker/2017/cybercrooks-look-for-bitcoin-alternative/";"PYMNTS";05/19/17;"Cybercrooks Look For Bitcoin Alternative";"sirer";
"http://www.pymnts.com/whats-hot-2/2017/walmart-q1-2017-earnings-beat-ecommerce-skyrockets/";"PYMNTS";05/19/17;"Walmart Q1 Earnings Beat, eCommerce Skyrockets";"sirer";
"http://www.inquisitr.com/4229871/wannacry-ransomware-virus-unlocked-by-french-researchers-using-wanakiwi-no-ransom/";"Inquistr";05/19/17;"Wannacrypt, wannacry ransomware virus decrypted by French Researchers using Wanakiwi, No ransom";"sirer";
"https://www.moneyweb.co.za/news/tech/bitcoins-murkier-rivals-line-up-to-displace-it-as-cybercriminals-favourite/";"Moneyweb";05/21/17;"Bitcoin’s murkier rivals line up to displace it as cybercriminals’ favourite";"sirer";
"http://www.ibtimes.co.uk/cornells-ic3-tackles-off-chain-transactions-intel-sgx-1624069";"International Business Times";05/31/17;"Cornell's blockchain experts tackle off-chain transactions with Intel SGX";"sirer";
"https://motherboard.vice.com/en_us/article/professor-schools-amateur-bitcoin-scammer";"Motherboard";06/02/17;"Professor Schools Amateur Bitcoin Scammer";"sirer";
"https://cryptoinsider.com/basic-attention-token-sale-raises-35-million-less-30-seconds/";"Crypto insider";06/02/17;"Basic Attention Token Sale Raises $35 million in Less Than 30 Seconds";"sirer";
"https://www.cryptocoinsnews.com/amateur-bitcoin-scammer-impersonated-university-professor/";"Crypto Coins News";06/05/17;"Amateur Bitcoin Scammer is Caught Impersonating a University Professor";"sirer";
"http://www.ibtimes.co.uk/bitcoin-survey-shows-71-support-segwit-uasf-popularity-growing-1625147";"International Business Times";06/07/17;"Bitcoin survey shows 71% support SegWit and UASF popularity growing";"sirer";
"https://www.financemagnates.com/cryptocurrency/innovation/bitcoin-ng-like-mining-ethereum-like-smart-contracts-coming-waves/";"Finance Magnates";06/09/17;"Bitcoin NG-like Mining and Ethereum-like Smart Contracts Coming to Waves";"sirer";
"http://t3n.de/news/blockchain-technologie-studieren-830128/";"T3N";06/12/17;"Blockchain-Technologie studieren: Diese Unis bieten das beste Angebot";"sirer";
"https://www.bloomberg.com/features/2017-the-ether-thief/";"Bloomberg";06/13/17;"The Ether Thief";"sirer";"feature"
"https://themerkle.com/bancor-project-raises-some-community-concerns-copycat-ico-website-aims-to-scam-investors/";"The Merkle";06/13/17;"Bancor Project Raises Some Community Concerns, Copycat ICO Website Aims to Scam Investors";"sirer";
"http://www.coindesk.com/game-of-bluffs-with-bitmain-plan-bitcoin-scaling-becomes-digital-missile-crisis/";"Coin Desk";06/15/17;"Game of Bluffs? With UAHF, Bitcoin Scaling Becomes Digital 'Missile Crisis'";"sirer";
"https://www.bloomberg.com/gadfly/articles/2017-06-16/a-sneak-peak-at-the-cfa-fintech-exam";"Bloomberg";06/16/17;"A Sneak Peek at the CFA Fintech Exam";"sirer";
"https://www.bloomberg.com/gadfly/articles/2017-06-19/amazon-comes-for-grocery-margins-and-market-caps";"Bloomberg";06/19/17;"Fly Charts: Amazon is Coming For Grocery Margins and Market Caps";"sirer";
"https://www.cryptocoinsnews.com/microsoft-engineer-bitmain-zero-clue-bitcoin-decentralization/";"Crypto Coins News";06/19/17;"Microsoft Engineer: Bitmain Has ‘Zero Clue’ About Bitcoin Decentralization";"sirer";
"http://www.coindesk.com/too-easy-critics-take-aim-at-ethereum-token-standard-amid-ico-boom/";"Coin Desk";06/20/17;"Too Easy? Critics Take Aim at Ethereum Token Standard Amid ICO Boom";"sirer";
"https://www.bloomberg.com/view/articles/2017-06-20/bank-relationships-and-index-rules";"Bloomberg";06/20/17;"Bank Relationships and Index Rules";"sirer";
"https://motherboard.vice.com/en_us/article/a-messaging-app-for-ethereum-just-raised-millions-with-barely-an-alpha";"Motherboard";06/20/17;"A Messaging App for Ethereum Just Raised $44 Million With Barely An Alpha";"sirer";
"https://www.wsj.com/articles/the-virtual-currency-war-that-threatens-to-tear-bitcoin-apart-1497956400";"Wall Street Journal";06/20/17;"The Virtual-Currency War That Threatens to Tear Bitcoin Apart";"sirer";"feature"
"https://www.crowdfundinsider.com/2017/06/102392-potential-red-flags-bancors-ico/";"CrowdFund Insider";06/21/17;"Potential Red Flags in Bancor’s ICO?";"sirer";
"http://www.coindesk.com/changing-exchanges-will-coinbase-tomorrow-decentralized/";"Coin Desk";06/24/17;"Changing Exchanges: Will the Coinbase of Tomorrow Be Decentralized?";"sirer";
"https://www.cryptocoinsnews.com/cornell-professor-150-million-bancor-flawed/";"Crypto Coins News";06/24/17;"Cornell Professor: $150 Million Bancor is Flawed";"sirer";
"https://www.wsj.com/articles/why-you-wont-be-buying-a-coffee-with-bitcoin-anytime-soon-1498996800";"Wall Street Journal";07/02/17;"Why You Won’t Be Buying A Coffee With Bitcoin Anytime Soon";"sirer";"feature"
"http://www.theaustralian.com.au/business/wall-street-journal/why-you-wont-be-buying-a-coffee-with-bitcoin-anytime-soon/news-story/de3585c1838015a7b52670db0aa4cf12";"The Australian";07/03/17;"Why you won’t be buying a coffee with bitcoin anytime soon";"sirer";
"http://www.ibtimes.com/could-online-harassment-slow-blockchains-growth-2562119";"International Business Times";07/07/17;"Could Online Harassment Slow Blockchain’s Growth?";"sirer";
"https://venturebeat.com/2017/07/08/why-bitcoins-value-could-get-even-more-volatile/";"Venture Beat";07/08/17;"Why Bitcoin’s value could get even more volatile";"sirer";
"https://uk.news.yahoo.com/future-money-bitcoin-other-cryptocurrency-141633146.html";"Yahoo News";07/11/17;"The Future of Money: Bitcoin and Other Cryptocurrency Technologies Are a Way of Life in This Small Swiss Town";"sirer";
"http://www.newsweek.com/2017/07/21/zug-switzerland-crypto-valley-bitcoin-digital-currency-634524.html";"Newsweek";07/11/17;"The Future of Money: Bitcoin and Other Cryptocurrency Technologies Are a Way of Life in This Small Swiss Town";"sirer";"feature"
"http://www.newsbtc.com/2017/07/16/tezos-outdoes-icos-now-breaks-bancors-earlier-record/";"News BTC";07/16/17;"Tezos Outdoes All the Other ICOs until Now, Breaks Bancor’s Record";"sirer";
"http://www.coindesk.com/moon-blockchains-big-hiring-crunch-last-years/";"Coin Desk";07/16/17;"To the Moon? Blockchain's Hiring Crunch Could Last Years";"sirer";
"http://www.mcall.com/news/police/mc-nws-montgomery-bitcoin-theft-federal-charges-20170719-story.html";"The Morning Call";07/19/17;"Montco man tells feds he stole $40M in bitcoin";"sirer";
"https://cointelegraph.com/news/us-hacker-taken-for-stealing-necklace-confesses-to-40-mln-bitcoin-heist";"Coin Telegraph";07/20/17;"US Hacker Taken For Stealing Necklace, Confesses to $40 Mln Bitcoin Heist";"sirer";
"http://www.charlotteobserver.com/news/science-technology/article162645448.html";"Charlotte Observer";07/20/17;"Man tells federal officials he stole $40 million in bitcoin";"sirer";
"http://bitcoinist.com/pennsylvania-man-admits-40-million-bitcoin-theft/";"Bitcoinist";07/20/17;"Pennsylvania Man Confesses to $40 Million Bitcoin Theft";"sirer";
"https://www.usnews.com/news/best-states/pennsylvania/articles/2017-07-20/man-tells-federal-officials-he-stole-40-million-in-bitcoin";"US News & World Report";07/20/17;"Man tells federal officials he stole $40 million in bitcoin";"sirer";"feature"
"http://www.sacbee.com/news/business/technology/article162645448.html";"Sacramento Bee";07/20/17;"Man tells federal officials he stole $40 million in bitcoin";"sirer";
"http://www.washingtontimes.com/news/2017/jul/20/man-tells-federal-officials-he-stole-40-million-in/";"Washington Times";07/20/17;"Man tells federal officials he stole $40 million in bitcoin";"sirer";
"https://venturebeat.com/2017/07/21/3-lessons-from-tezos-record-setting-blockchain-fundraise/";"Venture Beat";07/21/17;"3 lessons from Tezos’ record-setting blockchain fundraise";"sirer ";
"https://www.cryptocoinsnews.com/111212-2/";"Crypto Coin News";07/21/17;"$40 Million in Bitcoin: Hacker Tells Feds He Stole Cryptocurrency";"sirer";
"https://www.inverse.com/article/34580-pennsylvania-cops-theodore-price-bitcoin-scam-alphabay";"Inverse";07/24/17;"Small-Town Cops Accidentally Find a $40 Million Bitcoin Scam";"sirer";
"https://www.ethnews.com/citi-collaborates-with-cornell-tech-for-blockchain-rd";"Ethereum World News";07/24/17;"Citi Collaborates With Cornell Tech For Blockchain R&D";"sirer";
"https://www.coindesk.com/emin-gun-sirer-sec-ico-ruling-end-beginning-blockchains/";"Coin Desk";07/24/17;"Emin Gun Sirer: SEC ICO Guidance is 'End of Beginning for Blockchains'";"sirer";
"https://www.cyberscoop.com/chainiac-software-backdoor-mandates-nsa-gchq/";"Cyber Scoop";07/25/17;"New tool can help prevent government-mandated backdoors in software, Swiss researchers say";"sirer";
"https://www.ft.com/content/4470a89c-718d-11e7-aca6-c6bd07df1a3c";"Financial Times";07/25/17;"SEC looks to deflate bubble in ‘Initial Coin Offerings’";"sirer";
"https://ethereumworldnews.com/ethereum-price-sec-dao/";"Ethereum World News";07/26/17;"Ethereum Price Not Slowing Down In Front Of SEC Comments Related To DAO, ICO";"sirer";
"https://cointelegraph.com/news/sec-ico-guideline-will-affect-blockchain-cornell-university-professor";"Coin Telegraph";07/27/17;"SEC ICO Guideline Will Affect Blockchain: Cornell University Professor";"sirer";
"https://cointelegraph.com/news/venture-capital-backed-startups-are-also-starting-to-run-icos";"Coin Telegraph";07/27/17;" Venture Capital-Backed Startups Are Also Starting to Run ICOs";"sirer";
"https://www.economist.com/news/finance-and-economics/21725598-compromise-over-currencys-future-may-not-last-making-bitcoin-work-better";"The Economist";07/29/17;"Making Bitcoin work better";"sirer";"feature"
"https://www.theverge.com/2017/7/29/16060344/btce-bitcoin-exchange-takedown-mt-gox-theft-law-enforcement";"The Verge";07/29/17;"Why the feds took down one of Bitcoin’s largest exchanges";"sirer";
"https://www.forbes.com/sites/jasonbloomberg/2017/07/30/six-reasons-why-we-need-blockchain-skeptics/#2d91293074af";"Forbes";07/30/17;"Six Reasons Why We Need Blockchain Skeptics";"sirer";
"http://wsbt.com/news/business/ap-explains-threat-of-a-bitcoin-split-avoided-for-now";"Associated Press";07/31/17;"AP Explains: Threat of a bitcoin split avoided, for now";"sirer";"feature"
"http://wtop.com/business-finance/2017/07/threat-of-a-bitcoin-split-avoided-for-now/";"wtop";07/31/17;"AP Explains: Threat of a bitcoin split avoided, for now";"sirer";
"https://phys.org/news/2017-07-threat-bitcoin.html";"phys.org";07/31/17;"Threat of a bitcoin split avoided, for now";"sirer";
"http://ktar.com/story/1678627/threat-of-a-bitcoin-split-avoided-for-now/";"Ktar News";07/31/17;"AP Explains: Threat of a bitcoin split avoided, for now";"sirer";
"https://finance.yahoo.com/news/threat-bitcoin-split-avoided-now-185151998--finance.html";"Yahoo News";07/31/17;"AP Explains: Threat of a bitcoin split avoided, for now";"sirer";
"http://www.startribune.com/threat-of-a-bitcoin-split-avoided-for-now/437697553/";"Star Trubune";07/31/17;"AP Explains: Threat of a bitcoin split avoided, for now";"sirer";
"http://www.metronews.ca/news/world/2017/07/31/ap-explains-threat-of-a-bitcoin-split-avoided-for-now.html";"Metro News";07/31/17;"AP Explains: Threat of a bitcoin split avoided, for now";"sirer";
"http://nationalpost.com/pmn/news-pmn/ap-explains-threat-of-a-bitcoin-split-avoided-for-now";"National Post";07/31/17;"AP Explains: Threat of a bitcoin split avoided, for now";"sirer";
"http://www.abc.net.au/news/2017-08-01/bitcoin-changes-explained/8763980";"ABC News";08/01/17;"Bitcoin: What's going on with the digital currency?";"sirer";
"https://www.wired.com/story/bitcoin-is-splitting-in-two-now-what/";"Wired";08/01/17;"Bitcon is Splitting in Two. Now What?";"sirer";"feature"
"http://www.newsmax.com/Finance/StreetTalk/bitcoin-currency-digital-virtual/2017/08/01/id/805020/";"News Max";08/01/17;"Threat of a Bitcoin Split Avoided for Now";"sirer";
"https://www.technologyreview.com/s/608483/wait-bitcoin-just-did-what/";"MIT Technology Review";08/01/17;"Wait, Bitcoin Just Did What";"sirer";"feature"
"http://jamaica-gleaner.com/article/business/20170801/threat-bitcoin-split-averted-now";"The Gleaner";08/01/17;"Threat Of A Bitcoin Split Averted, For Now";"sirer";
"http://www.news.com.au/technology/innovation/design/threat-of-a-split-from-bitcoins-civil-war-avoided-for-now/news-story/287555c7e6a67d7367fe6e4dca7d4875";"News.com.au";08/01/17;"Threat of a split from Bitcoin’s civil war avoided, for now";"sirer";
"http://www.deccanchronicle.com/technology/in-other-news/010817/threat-of-a-bitcoin-split-avoided-for-now.html";"Deccan Chronicle";08/01/17;"Threat of a Bitcoin split avoided, for now";"sirer";
"https://www.wired.co.uk/article/bitcoin-splits-into-two-currencies";"Wired";08/02/17;"Bitcoin has split in two- what does that mean?";"sirer";"feature"
"http://www.guardian.co.tt/business-guardian/2017-08-03/threat-bitcoin-split-avoided-now";"Guardian";08/02/17;"Threat of a bitcoin split avoided, for now";"sirer";"feature"
"https://coinjournal.net/kevm-wins-ic3-ethereum-crypto-boot-camp-2017-competition/";"CoinJournal";08/02/17;"KEVM Wins IC3-Ethereum Crypto Boot Camp 2017 Competition";"miller";
"https://www.ethnews.com/ic3-bootcamp-winners";"ETHNews";08/03/17;"IC3 Boot Camp Winners";"all";
"https://quintdaily.com/2017/08/bitcoin-price-fall-percentage-august-report/";"The Quint Daily";08/04/17;"Bitcoin Price Fall by Percentage August Report";"sirer";
"https://www.economist.com/news/business-and-finance/21725747-crypto-currencys-split-two-versions-may-be-followed-others-bitcoin";"The Economist";08/05/17;"Bitcoin divides to rule";"sirer";"feature"
"https://cointelegraph.com/news/microsoft-goes-ethereum-561-bln-us-company-releases-ethereum-based-protocol-coco";"Coin Telegraph";08/12/17;"Microsoft Goes Ethereum: $561 Bln US Company Releases Ethereum-Based Protocol ‘Coco’";"sirer";
"http://ethereumworldnews.com/ethereum-based-protocol-code-privacy-confidential-consortium-framework-coco-published-microsoft/";"Ethereum World News";08/12/17;"Etherurm Based Protocol Code for Privacy: Confidential Consortium Framework Coco";"sirer";
"http://newburghgazette.com/2017/08/14/bitcoin-soars-past-4000-in-weekend-trading/";"Newburgh Gazette";08/14/17;"Bitcoin Soars Past $4000 in Weekend Trading";"sirer";
"https://www.forbes.com/sites/amycastor/2017/08/15/researchers-find-issues-with-0x-the-latest-etherem-based-project-aiming-to-raise-millions-in-an-ico/#5e25b27747c7";"Forbes";08/15/17;"Researchers Find Issues With 0x, An Ethereum-Based Project Aiming To Raise Millions In An ICO";"ari";
"http://www.ibtimes.com/why-bancor-wants-become-youtube-cryptocurrency-2578294";"International Business Times";08/17/17;"Why Bancor Wants To Become The YouTube Of Cryptocurrency";"sirer";
"https://www.coindesk.com/submarine-sends-inside-ic3s-plan-to-clamp-down-on-ico-cheats/";"Coin Desk";08/28/17;"Submarine Sends: IC3's Plan to Clamp Down on ICO Cheats";"ari";
"http://www.miamiherald.com/news/business/article170086247.html";"Miami Herald";08/29/17;"Bitcoin for burgers? This could be a Whopper of a deal";"sirer";"feature"
"http://us.blastingnews.com/world/2017/08/burger-king-creates-its-own-currency-whoppercoin-001968233.html";"Blasting News";08/29/17;"Burger King creates its own currency, Whoppercoin";"sirer";
"https://siliconangle.com/blog/2017/08/29/burger-king-intros-whoppercoin-loyalty-reward-scheme-russia/";"Silicon Angle";08/29/17;"Burger King debuts WhopperCoin as a loyalty reward program in Russia";"sirer";
"http://www.bbc.com/news/technology-41082388";"BBC News";08/29/17;"Burger King launches WhopperCoin crypto-cash in Russia";"sirer";"feature"
"http://ccm.net/news/28279-burger-king-launches-cryptocurrency";"CCM";08/29/17;"Burger King Launches Cryptocurrency";"sirer";
"http://www.bbc.com/news/technology-41082388";"Fox News";08/29/17;"Burger King launches WhopperCoin crypto-cash in Russia";"sirer";"feature"
"https://cointelegraph.com/news/the-biggest-icos-overview";"Coin Telegraph";08/30/17;"The Biggest ICOs Overview";"sirer";
"http://us.blastingnews.com/business/2017/08/burger-king-launches-whoppercoin-001963309.html";"Blasting News";08/30/17;"Burger King launches WhopperCoin";"sirer";
"http://www.softwaretestingnews.co.uk/burger-king-launches-russian-crypto-currency/";"Software Testing News";08/30/17;"Burger King launces Russian Crypto-Currency ";"sirer";
"https://www.coindesk.com/whoppercoin-burger-king-russia-launches-blockchain-loyalty-program/";"Coin Desk";08/30/17;"WhopperCoin: Burger King Russia Launches Blockchain Loyalty Program";"sirer";
"http://www.alleywatch.com/2017/09/6-thoughts-following-epic-week-going-cryptocurrency-rabbit-hole/";"Alley Watch";09/01/17;"6 Thoughts Following An Epic Week Going Down The Cryptocurrency Rabbit Hole";"sirer";
"https://www.coindesk.com/microsoft-joins-cornell-blockchain-research-group/";"Coin Desk";09/01/17;"Microsoft Joins IC3: Membership Underscores Long-Term Commitment to Blockchain-based Solutions for Business";"all";"feature"
"http://gearsofbiz.com/burger-king-launches-a-whopper-of-a-loyalty-programme/40259";"Gears of Biz";09/02/17;"Burger King launches a ‘whopper’ of a loyalty programme";"sirer";
"http://news.sys-con.com/node/4151236";"Sys-Con Media";09/06/17;"The Economist Events’ Finance Disrupted Conference To Explore Fintech’s ‘Coming of Age’";"sirer";
"http://cornellsun.com/2017/09/11/cornell-researchers-highlight-ethical-lapses-in-recent-cybersecurity-failures/";"Cornell Sun";09/11/17;"Cornell Researchers Highlight Ethical Lapses in Recent Cybersecurity Failures";"sirer";
"https://www.gfmag.com/topics/capital-markets-and-corporate-finance/more-rules-expected-icos-after-china-ban";"Global Finance";09/13/17;"More Rules Expected for ICOs After China Ban";"sirer";
"http://www.newsbtc.com/2017/09/21/cypherium-scalable-hybrid-blockchain/";"News BTC";09/21/17;"Cypherium Announces Development of a Scalable, Hybrid Blockchain";"sirer";
"http://markets.businessinsider.com/news/stocks/Cypherium-s-talented-team-is-building-a-double-chained-infrastructure-for-the-future-1002686040";"Business Insider";09/27/17;"Cypherium’s talented team is building a double-chained infrastructure for the future";"sirer";
"https://spectrum.ieee.org/computing/networks/blockchains-how-they-work-and-why-theyll-change-the-world";"IEEE Spectrum";09/28/17;"Blockchains: How They Work and Why They’ll Change the World";"sirer,juels";"feature"
"https://spectrum.ieee.org/energy/policy/the-ridiculous-amount-of-energy-it-takes-to-run-bitcoin";"IEEE Spectrum";09/28/17;"The Ridiculous Amount of Energy It Takes to Run Bitcoin";"eyal";"feature"
"https://www.salon.com/2017/10/01/by-concealing-identities-cryptocurrencies-fuel-cybercrime/";"Salon";10/01/17;"By concealing identities, cryptocurrencies fuel cybercrime";"juels,eyal,bentov";
"https://www.bloombergquint.com/business/2017/10/05/-mind-boggling-math-could-make-blockchain-work-for-wall-street";"Bloomberg";10/05/17;"'Mind-Boggling' Math Could Make Blockchain Work for Wall Street";"sirer";"feature"
"https://news.bitcoin.com/bitcoin-org-operators-aim-to-denounce-segwit2x-participants/";"Bitcoin.com";10/07/17;"Bitcoin.org Operators Aim to ‘Denounce’ Segwit2x Participants";"sirer";
"https://www.moneymorning.com.au/20171009/coming-cryptocurrency-boom.html";"Money Morning";10/09/17;"The Coming Cryptocurrency Boom";"sirer";
"https://www.wired.com/story/social-security-number-replacement/";"Wired";10/13/17;"Replacing Social Security Numbers Won’t Be Easy, But It’s Worth It";"sirer";"feature"
"https://www.wired.com/story/krack-wi-fi-meltdown-open-standards/";"Wired";10/17/17;"The Flawed System Behind the KRACK Wi-Fi Meltdown";"sirer";"feature"
"https://www.mansionglobal.com/articles/77889-bitcoin-and-the-blockchain-are-disruptors-in-global-real-estate";"Mansion Global";10/20/17;"Bitcoin and the Blockchain Are Disruptors in Global Real Estate";"sirer";
"http://www.businessinsider.com/ibm-azure-aws-blockchain-service-2017-10";"Business Insider";10/24/17;"IBM, Amazon & Microsoft are offering their blockchain technology as a service";"all";
"https://themerkle.com/10-universities-that-offer-blockchain-courses/";"The Merkle";10/29/17;"10 Universities That Offer Blockchain Courses";"sirer";
"https://www.coindesk.com/ic3-blockchain-initiative-expands-research-team-europe/";"CoinDesk";10/31/17;"IC3 Blockchain Initiative Expands Research Team to Europe";"sirer,all";"feature"
"https://www.theverge.com/2017/10/31/16387042/russia-putin-bitcoin-regulation-ethereum-blockchain-technology";"The Verge";10/31/17;"Inside Russia’s Love-Hate Relationship with Bitcoin";"sirer";
"https://www.bloomberg.com/news/articles/2017-11-01/shining-star-of-initial-coin-offerings-crashing-back-to-earth";"Bloomberg";11/01/17;"One of the Most High-Profile Initial Coin Offerings Has Crashed 50%";"sirer";"feature"
"https://bravenewcoin.com/news/go-nowhere-icos-testing-investor-confidence/";"Brave New Coin";11/02/17;"Go nowhere ICOs testing investor confidence";"sirer";
"http://blocktribune.com/ic3-blockchain-initiative-adds-european-researchers/";"Blocktribune";11/02/17;"IC3 Blockchain Initiative Adds European Researchers";"sirer,all";
"https://www.coindesk.com/shifting-changing-ethereums-casper-code-takes-shape/";"Coin Desk";11/03/17;"Shifting and Changing: Ethereum's Casper Code Takes Shape";"sirer";
"https://cryptovest.com/news/bancors-taken-a-turn-for-the-worse-observer-says-i-told-you-so/";"Cryptovest";11/05/17;"Bancor's Taken a Turn for the Worse; Observer Says I Told You So";"sirer";
"https://www.wired.com/story/how-to-keep-bitcoin-safe-and-secure/";"Wired";11/05/17;"How To Keep Your Bitcoin Safe and Secure";"sirer";"feature"
"https://venturebeat.com/2017/11/08/waves-says-its-launched-the-fastest-blockchain-platform-in-the-world/";"Venture Beat";11/08/17;"Waves says it’s launched the ‘fastest blockchain platform in the world’";"sirer";
"https://www.crowdfundinsider.com/2017/11/124324-waves-implement-new-technology-become-fastest-blockchain-platform-world/";"CrowdFund Insider";11/08/17;"Waves to Implement New Technology to Become Fastest Blockchain Platform in the World";"sirer";
"http://www.the-blockchain.com/2017/11/13/waves-claims-will-become-fastest-blockchain-platform-world/";"The Blockchain";11/13/17;"Waves Claims it Will Become the Fastest Blockchain Platform in the World";"sirer";
"https://cointelegraph.com/news/waves-platform-launches-new-technology-aims-to-become-faster";"Coin Telegraph";11/14/17;"Waves Platform Launches New Technology, Aims To Become Faster";"sirer";
"https://koinbulteni.com/waves-platformu-daha-hizli-hale-gelecek-4409.html";"Koin Bulteni";11/15/17;"Waves Platformu Daha Hizli Hale Gelecek";"sirer";
"https://www.bitsonline.com/russia-bitcoin-mining-cryptoruble/";"Bits Online";11/18/17;"Russia Picks Prime Bitcoin Mining Territory as CryptoRuble Launch Nears";"sirer";
"https://www.nytimes.com/2017/11/21/technology/bitcoin-bitfinex-tether.html?_r=0";"New York Times";11/21/17;"Warning Signs About Another Giant Bitcoin Exchange";"sirer";"feature"
"https://www.newscientist.com/article/mg23631534-600-how-do-you-link-the-worlds-blockchains-with-another-blockchain/";"New Scientist";11/22/17;"How do you link the world’s blockchains? With another blockchain";"sirer";"feature"
"https://btcmanager.com/tethers-31-million-theft-ignites-criticism-centralized-blockchains/";"BTC Manager";11/23/17;"Tether’s $31 Million Theft Ignites Criticism on Centralized Blockchains";"sirer";
"https://www.technologyreview.com/s/609481/why-americas-biggest-bank-digs-anonymous-cryptocurrency/";"MIT Technology Review";11/24/17;"Why America’s Biggest Bank Digs Anonymous Cryptocurrency";"sirer";"feature"
"https://www.thestar.com/business/wealth/2017/11/25/another-large-bitcoin-exchange-draws-warnings.html";"Toronto Star";11/25/17;"Another Large Bitcoin Exchange Draws Warnings";"sirer";"feature"
"https://motherboard.vice.com/en_us/article/kz34ay/net-neutrality-repeal-affect-cryptocurrency-bitcoin-ethereum";"Vice";11/27/17;"The End of Net Neutrality Means ISPs Could Crack Down on Cryptocurrencies";"sirer";
"https://www.cryptoninjas.net/2017/11/28/cypherium-partners-bloxroute-tackle-blockchain-scalability/";"Crypto Ninjas";11/28/17;"Cypherium Partners with bloXroute to Tackle Blockchain Scalability";"sirer";
"https://motherboard.vice.com/en_us/article/43nk9b/cryptocurrency-are-not-crypto-bitcoin";"Vice";11/28/17;"Cryptocurrencies Aren't 'Crypto'";"sirer";
"https://themerkle.com/votem-welcomes-dr-emin-gun-sirer-to-board-of-advisors/";"The Merkle";11/30/17;"Votem Welcomes Dr. Emin Gün Sirer to Board of Advisors";"sirer";
"http://www.afr.com/markets/warning-is-bitcoins-biggest-exchange-unreliable-20171130-gzvvwy";"Australian Financial Review";12/01/17;"Is Bitcoin's biggest exchange Bitfinex unreliable?";"sirer";
"https://btcmanager.com/proving-worth-tether-controversial-narrative/";"BTC Manager";12/02/17;"Proving the Worth of Tether: A Controversial Narrative";"sirer";
"http://blocktribune.com/scalable-blockchain-hybrid-works-former-google-microsoft-devs/";"Blocktribune";12/04/17;"CoinDesk's Most Influential People in Blockchain 2016";"sirer";
"http://mashable.com/2017/12/05/bitcoin-2018/#uw3fVHg1tiqs";"Mashable";12/05/17;"Where Does Bitcoin Go From Here?";"sirer";
"https://bitcoinmagazine.com/articles/quant-network-launches-overledger-cross-blockchain-data-interoperability/";"Bitcoin Magazine";12/07/17;"Quant Network Launches Overledger for Cross-Blockchain Data Interoperability";"sirer";
"https://www.cryptoninjas.net/2017/12/07/news-waves-ng-protocol-launches-mainnet/";"Crypto Ninjas";12/07/17;"New Waves-NG Protocol Launches on Mainnet";"sirer";
"http://www.smh.com.au/business/markets/bitcoin-prices-diverge-wildly-as-demand-overwhelms-exchanges-20171208-h018ta.html";"Sydney Morning Herald";12/08/17;"Bitcoin prices diverge wildly as demand overwhelms exchanges";"sirer";
"https://www.criptonoticias.com/mineria/waves-pretende-realizar-1000-transacciones-minutos-hardfork/";"Criptonoticias";12/08/17;"Waves pretende realizar 1.000 transacciones en 1.3 minutos tras su HardFork";"sirer";
"https://www.bloomberg.com/news/articles/2017-12-12/want-to-issue-a-red-hot-ico-rule-no-1-is-do-very-little-work";"Bloomberg";12/12/17;"Want to Issue a Red-Hot ICO? Rule No. 1 Is Do Very Little Work";"sirer";"feature"
"http://krqe.com/2017/12/11/bitcoin-futures-soar-amid-frenzy-over-virtual-currency/";"Associated Press";12/12/17;"Bitcoin futures soar amid frenzy over virtual currency";"sirer";"feature"
"https://www.wired.com/story/bitcoin-is-soaring-heres-why-its-not-ready-for-the-big-time/";"Wired";12/12/17;"Bitcoin is Soaring. Here’s Why It Is Not Ready for Big Time";"sirer";"feature"
"http://gulfnews.com/business/sectors/markets/want-to-issue-a-red-hot-initial-coin-offering-rule-no-1-is-do-very-little-work-1.2140450";"Gulf News";12/13/17;"Want to issue a red-hot initial coin offering? Rule no 1 is do very little work";"sirer";
"https://www.wired.com/story/bitcoin-global-warming/";"Wired";12/15/17;"The Hard Math Behind Bitcoin’s Global Warming Problem";"sirer";"feature"
"https://www.kxly.com/news/bitcoin-and-the-global-warming-crisis/673571561";"KXLY";12/15/17;"Bitcoin and the global warming crisis";"sirer";
"https://cointelegraph.com/news/hit-on-net-neutrality-could-be-blow-to-bitcoin";"Coin Telegraph";12/16/17;"Hit On Net Neutrality Could Be Blow To Bitcoin";"sirer";
"http://fortune.com/2017/12/18/jp-morgan-bitcoin-zcash-wilcox/";"Fortune";12/18/17;"Can This Man Build a Better Bitcoin?";"sirer,miller";"feature"
"http://time.com/money/5066095/bitcoin-cryptocurrency-bubble-pop-signals/";"Time";12/18/17;"3 Big Reasons the Bitcoin Bubble Could Pop Soon";"sirer";"feature"
"https://money.howstuffworks.com/beyond-bitcoin-next-big-cryptocurrency.htm";"HowStuffWorks";12/01/17;"Beyond Bitcoin: What’s the Next Big Cryptocurrency?";"miller";"feature"
"http://www.chicagotribune.com/business/columnists/ct-biz-bitcoin-myths-20171215-story.html";"Chicago Tribune";12/15/17;"Five myths about bitcoin";"miller";
"http://expressnewsline.com/2017/12/03/bitcoin-may-be-a-bubble-but-blockchain-is-not.html";"Express Newsline";12/03/17;"Bitcoin may be a bubble, but blockchain is not";"miller";
"https://www.coindesk.com/devs-destruction-inside-zcashs-second-crypto-ceremony/";"Coin Desk";11/30/17;"More Devs, More Destruction: Another Zcash Crypto Ceremony Is Underway";"miller";
"https://www.coindesk.com/zk-snarks-everywhere-ethereum-privacy-tech-hits-tipping-point/";"Coin Desk";11/04/17;"Zk-Snarks Everywhere: Ethereum Privacy Tech Hits Tipping Point";"miller";
"https://gadgets.ndtv.com/internet/features/bitcoin-may-not-be-the-future-but-the-technology-behind-it-might-well-be-1789816";"Gadgets360";12/19/17;"Bitcoin May Not Be the Future, but the Technology Behind It Might Well Be ";"ari";
