"http://bits.blogs.nytimes.com/2013/04/07/how-deal-makers-put-a-value-on-start-ups-disruptions/";"New York Times";04/07/13;"How Deal Makers Put a Value on Start-Ups";"sirer,eyal";"IC3";"feature"
"http://tech.slashdot.org/story/13/06/20/1747249/cornell-researchers-unveil-a-virtual-notary";"Slashdot";06/20/13;"Cornell Researchers Unveil a Virtual Notary";"sirer,eyal";"IC3";
"http://money.cnn.com/2013/11/04/technology/bitcoin-flaw/";"CNN";11/04/13;"Bitcoin flaw could let group take control of currency";"sirer,eyal";"IC3";"feature"
"http://www.businessinsider.com/researchers-say-bitcoin-is-broken-and-could-collapse-2013-11";"Business Insider";11/04/13;"Researchers Say 'Bitcoin Is Broken' And Could Collapse";"sirer,eyal";"IC3";
"https://bitcoinmagazine.com/articles/selfish-mining-a-25-attack-against-the-bitcoin-network-1383578440";"Bitcoin Magazine";11/04/13;"Selfish Mining: A 25% Attack Against the Bitcoin Network";"sirer,eyal";"IC3";
"http://www.bbc.com/news/technology-24818975";"BBC";11/05/13;"Bitcoin at risk of network attack, say researchers";"sirer,eyal";"IC3";"feature"
"https://www.washingtonpost.com/news/the-switch/wp/2013/11/07/no-bitcoin-isnt-broken/";"Washington Post";11/07/13;"No, Bitcoin Isn't Broken";"sirer,eyal";"IC3";"feature"
"https://motherboard.vice.com/blog/bitcoin-isnt-broken-despite-a-potential-flaw";"Vice";11/07/13;"Bitcoin Isn’t Broken, Despite a Potential Flaw";"sirer,eyal";"IC3";"feature"
"https://www.technologyreview.com/s/521521/bitcoin-vulnerability-could-allow-malicious-miners-to-seize-control/";"MIT Technology Review";11/08/13;"Bitcoin Vulnerability Could Allow Malicious Miners to Seize Control";"sirer,eyal";"IC3";"feature"
"http://www.pcadvisor.co.uk/feature/internet/why-bitcoin-is-more-valuable-popular-than-ever-3494859/";"PC Advisor";12/23/13;"The rise of Bitcoin and why you can't mine your own Bitcoins";"sirer,eyal";"IC3";
"http://www.motherjones.com/kevin-drum/2014/02/wait-second-i-thought-bitcoins-were-unstealable";"Mother Jones";02/28/14;"Wait a Second. I Thought Bitcoins Were Unstealable?";"sirer,eyal";"IC3";"feature"
"http://www.coindesk.com/blockchain-addresses-security-debacle-need-better/";"CoinDesk";03/03/14;"Are Bitcoin exchanges just Nigerian scam emails for gullible nerds?";"sirer,eyal";"IC3";
"http://www.spiegel.de/netzwelt/web/bitcoin-cash-waehrung-in-der-krise-a-956580.html";"Spiegel";03/03/14;"Krypto-Währung in der Krise: Hacker suchen die Bitcoin-Wahrheit";"sirer,eyal";"IC3";
"http://nymag.com/daily/intelligencer/2014/03/doomsday-cult-of-bitcoin.html";"NY Magazine";03/04/14;"The Doomsday Cult of Bitcoin";"sirer,eyal";"IC3";"feature"
"http://www.reuters.com/article/us-bitcoin-mtgox-cybersleuths-idUSBREA2429L20140305";"Reuters";03/05/14;"Online sleuthing by Mt. Gox dispossessed throws up few clues";"sirer,eyal";"IC3";"feature"
"http://mobile.nytimes.com/2014/03/06/technology/personaltech/for-bitcoin-a-secure-future-might-require-traditional-trappings.html";"New York Times";03/06/14;"For Bitcoin, Secure Future Might Need Oversight";"sirer,eyal";"IC3";"feature"
"http://uk.reuters.com/article/2014/03/06/uk-bitcoin-mtgox-cybersleuths-idUKBREA2429M20140306";"Reuters";03/06/14;"Online sleuthing by Mt. Gox dispossessed throws up few clues";"sirer,eyal";"IC3";"feature"
"http://www.latimes.com/business/hiltzik/la-fi-mh-the-satoshi-chase-20140307-story.html";"Los Angeles Times";03/07/14;"The Nakamoto chase is a sideshow: Here's the real story on bitcoins";"sirer,eyal";"IC3";"feature"
"http://blogs.wsj.com/moneybeat/2014/03/11/bitbeat-bitcoin-is-risky-in-case-you-didnt-know/";"Wall Street Journal";03/11/14;"BitBeat: Bitcoin Is Risky (In Case You Didn’t Know)";"sirer,eyal";"IC3";"feature"
"https://www.technologyreview.com/s/525676/academics-spy-weaknesses-in-bitcoins-foundations/";"MIT Technology Review";03/24/14;"Academics Spy Weaknesses in Bitcoin’s Foundations";"sirer,eyal";"IC3";"feature"
"https://www.infoq.com/news/2014/04/bitcoin-banking-mongodb";"InfoQ";04/24/14;"BitCoins Lost, MongoDB and Eventual Consistency";"sirer,eyal";"IC3";
"http://www.businessinsider.com/today-bitcoins-doomsday-scenario-arrived-2014-6";"Business Insider";06/14/14;"Today, Bitcoin's Doomsday Scenario Arrived";"sirer,eyal";"IC3";
"http://techcrunch.com/2014/06/15/51-fears-rattle-the-bitcoin-community/";"TechCrunch";06/15/14;"‘51%’ Fears Rattle The Bitcoin Community ";"sirer,eyal";"IC3";"feature"
"http://arstechnica.com/security/2014/06/bitcoin-security-guarantee-shattered-by-anonymous-miner-with-51-network-power/";"Ars Technica";06/15/14;"Bitcoin security guarantee shattered by anonymous miner with 51% network power";"sirer,eyal";"IC3";
"https://www.pcworld.com/article/2364000/bitcoin-price-dips-as-backers-fear-mining-monopoly.html";"PC World";06/16/14;"Bitcoin Price Dips as Backers Fear Mining Monopoly";"sirer,eyal";"IC3";
"http://www.wired.co.uk/news/archive/2014-06/16/bitcoin-security-guarantee-compromised";"WIRED UK";06/16/14;"Bitcoin Security Guarantee Compromised";"sirer,eyal";"IC3";
"http://www.ibtimes.co.uk/bitcoins-decentralised-structure-threat-miner-51-control-network-1452778";"IB Times";06/16/14;"Bitcoin's Decentralised Structure at Threat from Miner with 51% Control of Network";"sirer,eyal";"IC3";
"https://uk.news.yahoo.com/cryptocurrency-round-bitcoin-stock-exchange-miners-threaten-decentralisation-145222734.html#qz3I2dD";"Yahoo";06/16/14;"Cryptocurrency Round-Up: Bitcoin on Stock Exchange, Miners Threaten Decentralisation & App Store Wallets";"sirer,eyal";"IC3";
"http://www.cbronline.com/news/social/mining-pool-in-control-of-bitcoin-hit-by-ddos-attack-4293920";"Computer Business Review";06/16/14;"Mining pool ‘in control’ of Bitcoin hit by DDoS attack";"sirer,eyal";"IC3";
"http://www.mintpressnews.com/the-51-percenter-bitcoin-apocalypse-is-nigh/192519/";"Mint Press News";06/18/14;"The '51 Percenter' Bitcoin Apocalypse Is Nigh";"sirer,eyal";"IC3";
"http://m.csmonitor.com/Business/2014/0619/Bitcoin-Bowl-Online-currency-to-sponsor-NCAA-football-game";"CSMonitor.com";06/19/14;"Bitcoin Bowl? Online currency to sponsor NCAA football game";"sirer,eyal";"IC3";
"http://www.theregister.co.uk/2014/06/19/pow_academics_ko_bitcoin_mining_mammoths/";"The Register";06/19/14;"PoW! Academics KO Bitcoin mining mammoths";"sirer,eyal";"IC3";
"https://gigaom.com/2014/06/20/this-week-in-bitcoin-is-owning-the-majority-of-mining-power-an-attack-or-an-opportunity/";"GigaOM";06/20/14;"This week in bitcoin: Is owning the majority of mining power an attack or an opportunity?";"sirer,eyal";"IC3";
"http://www.economist.com/blogs/schumpeter/2014/06/bitcoin";"The Economist";06/23/14;"Losing to Win";"sirer,eyal";"IC3";"feature"
"http://arstechnica.com/business/2014/07/bitcoin-pool-ghash-io-commits-to-40-hashrate-limit-after-its-51-breach/";"Ars Technica";07/16/14;"Bitcoin pool GHash.io commits to 40% hashrate limit after its 51% breach";"sirer,eyal";"IC3";
"http://www.coindesk.com/bitcoin-mining-detente-ghash-io-51-issue/";"CoinDesk";07/17/14;"The Bitcoin Mining Arms Race: GHash.io and the 51% Issue";"sirer,eyal";"IC3";
"http://www.coindesk.com/bitcoin-mining-las-vegas-convention/";"CoinDesk";10/11/14;"Bitcoin Miners Debate Risks and Rewards at Las Vegas Convention";"sirer,eyal";"IC3";
"http://www.coindesk.com/blockchain-addresses-security-debacle-need-better/";"CoinDesk";12/09/14;"Blockchain Addresses Security Controversy: 'We Need to Do Better'";"sirer,eyal";"IC3";
"http://cointelegraph.com/news/meet-the-bitcoin-foundations-newest-core-security-auditor-sergio-demian-lerner";"Coin Telegraph";12/11/14;"Meet the Bitcoin Foundation’s Newest Core Security Auditor, Sergio Demian Lerner";"sirer,eyal";"IC3";
"http://www.newswise.com/articles/macaroons-may-protect-companies-like-sony-from-future-cyber-attacks";"News Wise";12/16/14;"Macaroons Might Protect Companies Like Sony From Future Cyber Attacks";"sirer,eyal";"IC3";
"https://www.cryptocoinsnews.com/cornell-professor-says-changetip-must-die-strong-point/";"CryptoCoinsNews";12/17/14;"Cornell Professor Says ChangeTip Mist Die: Strong Point";"sirer,eyal";"IC3";
"http://www.coindesk.com/changetip-ceo-nick-sullivan-wont-sell-user-data/";"CoinDesk";12/18/14;"ChangeTip CEO Nick Sullivan: We Won't Sell User Data";"sirer,eyal";"IC3";
"https://www.cryptocoinsnews.com/cornell-professor-sirer-blasts-back-asks-changetip-prove-commitment-privacy/";"CryptoCoinsNews";12/30/14;"Cornell Professor Sirer Blasts Back: Asks ChangeTip to Prove Their Commitment to Privacy";"sirer,eyal";"IC3";
"http://www.coindesk.com/avoid-bitcoin-scams-2015/";"CoinDesk";01/02/15;"How to Avoid Bitcoin Scams in 2015";"sirer,eyal";"IC3";
"http://www.forbes.com/sites/sarahjeong/2015/01/16/dhs-agent-thought-mt-gox-ceo-was-dpr/";"Forbes";01/16/15;"Was Mt. Gox CEO The Dread Pirate Roberts? The DHS Once Believed It";"sirer,eyal";"IC3";
"http://www.coindesk.com/searching-for-cryptocurrency-security-standard/";"CoinDesk";01/25/15;"Searching for a Cryptocurrency Security Standard";"sirer,eyal";"IC3";
"http://www.forbes.com/sites/thomasbrewster/2015/03/27/bitcoin-blockchain-pollution-a-criminal-opportunity/#4f7b29223297";"Forbes";03/27/15;"Bitcoin's Blockchain Offers Safe Haven For Malware And Child Abuse, Warns Interpol";"sirer,eyal";"IC3";
"http://www.scientificamerican.com/article/bitcoin-based-blockchain-breaks-out/";"Scientific American";04/01/15;"Bitcoin-Based Blockchain Breaks Out";"sirer,eyal";"IC3";"feature"
"http://www.technologyreview.com/news/536641/a-new-competitor-for-bitcoin-aims-to-be-faster-and-safer/";"MIT Technology Review";04/15/15;"A New Competitor for Bitcoin Aims to Be Faster and Safer";"sirer,eyal";"IC3";"feature"
"https://www.cryptocoinsnews.com/stanford-professor-developed-faster-securer-bitcoin/";"CryptoCoinsNews";04/21/15;"Stanford Professor Developed Faster Securer Bitcoin";"sirer,eyal";"IC3";
"http://coinjournal.net/what-is-selfish-mining-and-is-it-a-threat-to-bitcoin/";"Coin Journal";05/14/15;"What is Selfish Mining and is it a Threat to Bitcoin?";"sirer,eyal";"IC3";
"http://www.coindesk.com/us-government-funds-3-million-cryptocurrency-research-initiative/";"CoinDesk";07/29/15;"US Government Funds $3 Million Cryptocurrency Research Initiative";"all";"IC3";
"http://cointelegraph.com/news/us-national-science-foundation-awards-3-year-grant-for-cryptocurrency-research";"Coin Telegraph";07/29/15;"US National Science Foundation Awards 3-Year Grant for Cryptocurrency Research";"all";"IC3";
"https://bitcoinmagazine.com/articles/national-science-foundation-awards-research-grants-science-applications-cryptocurrency-1438296576";"Bitcoin Magazine";07/30/15;"National Science Foundation Awards Research Grants on the Science and Applications of Cryptocurrency";"all";"IC3";
"http://www.coindesk.com/ethereum-decentralized-app-network-launch/";"CoinDesk";07/30/15;"Ethereum Launches Long-Awaited Decentralized App Network";"sirer,eyal";"IC3";
"https://www.technologyreview.com/s/540151/bitcoins-dark-side-could-get-darker/";"MIT Technology Review";08/13/15;"Bitcoin’s Dark Side Could Get Darker";"juels,shi";"IC3";"feature"
"http://www.coindesk.com/core-devs-bankers-and-the-fbi-what-not-to-miss-at-consensus-2015/";"CoinDesk";09/07/15;"Core Devs, Bankers and the FBI: What Not to Miss at Consensus 2015";"sirer";"IC3";
"http://www.coindesk.com/scaling-bitcoin-day-1-constructive-debate-shines/";"CoinDesk";09/13/15;"Constructive Debate Shines as Scaling Bitcoin Unites Developers";"sirer,eyal";"IC3";
"http://www.coindesk.com/cornell-research-blockchain-problems-bitcoin-ng/";"CoinDesk";09/18/15;"Researchers Tackle Tomorrow's Blockchain Problems With Bitcoin-NG";"sirer,eyal";"IC3";
"http://www.newsbtc.com/2015/09/19/bitcoin-ng-tomorrows-bitcoin-under-development-today/";"News BTC";09/19/15;"Tomorrow's Bitcoin in the Works";"sirer,eyal";"IC3";
"http://www.nature.com/news/the-future-of-cryptocurrencies-bitcoin-and-beyond-1.18447";"Nature";09/30/15;"The future of cryptocurrencies: Bitcoin and beyond : Nature News & Comment";"sirer,eyal";"IC3";"feature"
"https://www.news.cornell.edu/stories/2015/11/cornell-teams-join-nsf-campaign-cybersecurity";"Cornell Chronicle";11/06/15;"Cornell teams join NSF campaign for cybersecurity";"all";"IC3";
"https://bitcoinmagazine.com/articles/bitcoin-ng-or-how-cornell-researchers-think-a-radical-redesign-can-solve-bitcoin-s-scaling-issues-1447108649";"Bitcoin Magazine";11/09/15;"Bitcoin NG, or How Cornell Researchers Think a Radical Redesign Can Solve Bitcoin's Scaling Issues";"sirer,eyal";"IC3";
"https://www.technologyreview.com/s/544431/how-to-spot-bitcoin-inventor-satoshi-nakamoto/";"MIT Technology Review";12/10/15;"How to Spot a Bitcoin Inventor";"sirer";"IC3";"feature"
"https://techcrunch.com/2015/12/10/satoshi-gulch/";"TechCrunch";12/10/15;"Satoshi Gulch";"sirer";"IC3";"feature"
"http://www.coinspeaker.com/2015/12/11/craig-wright-is-not-satoshi-nakamoto-says-cornell-universitys-professor/";"Coin Speaker";12/11/15;"‘Craig Wright is Not Satoshi Nakamoto,’ Says Cornell University’s Professor";"sirer";"IC3";
"https://fr.sputniknews.com/societe/201512151020288022-bitcoin-createur-craig-wright/";"Sputnik";12/15/15;"A-t-on démasqué le créateur du Bitcoin?";"sirer,eyal";"IC3";
"http://www.bloomberg.com/news/articles/2015-12-17/blockchain-lures-ibm-wells-fargo-to-develop-transaction-network";"Bloomberg";12/17/15;"Blockchain Lures IBM, Wells Fargo for Transaction Network";"sirer,eyal";"IC3";"feature"
"http://www.linuxfoundation.org/news-media/announcements/2015/12/linux-foundation-unites-industry-leaders-advance-blockchain";"Linux Foundation";12/17/15;"Linux Foundation Unites Industry Leaders to Advance Blockchain Technology";"sirer,eyal";"IC3";
"http://www.eweek.com/cloud/financial-and-tech-titans-form-open-source-blockchain-project.html";"eWeek";12/17/15;"Financial and Tech Titans Launch Blockchain Project";"all";"IC3";
"http://www.journaldugeek.com/2015/12/18/decouverte-inventeur-bitcoin-hoax/";"Journal du Geek";12/18/15;"Découverte de l’inventeur du Bitcoin ? Ça sent l’hoax !";"sirer,eyal";"IC3";
"https://coinreport.net/linux-foundation-gets-corporate-giants-vows-for-blockchain-promotion/";"Coin Report";12/21/15;"Linux Foundation gets corporate giants’ vows for blockchain promotion";"sirer,eyal";"IC3";
"http://www.coindesk.com/2015-year-of-blockchain/";"CoinDesk";12/22/15;"2015 Was the Year of the Blockchain";"sirer,eyal";"IC3";
"https://www.technologyreview.com/s/533326/the-startup-meant-to-reinvent-what-bitcoin-can-do/";"MIT Technology Review";12/22/15;"The Startup Meant to Reinvent What Bitcoin Can Do";"sirer,eyal";"IC3";"feature"
"http://www.coindesk.com/10-must-read-cryptocurrency-research-papers-from-2015/";"CoinDesk";12/27/15;"The Top 10 Cryptocurrency Research Papers of 2015";"all";"IC3";
"http://spectrum.ieee.org/tech-talk/telecom/internet/fear-and-loathing-in-the-bitcoin-world";"IEEE Spectrum";01/21/16;"Bitcoin Needs (Gasp!) Formal Governance";"eyal";"IC3";"feature"
"http://www.theregister.co.uk/2016/02/10/crypto_connoisseurs_curl_up_with_princetons_300page_ode_to_bitcoin/";"The Register";02/10/16;"Crypto connoisseurs: Curl up with Princeton's 300-page ode to Bitcoin";"miller";"IC3";
"https://www.technologyreview.com/s/600781/technical-roadblock-might-shatter-bitcoin-dreams/";"MIT Technology Review";02/16/16;"Technical Roadblock Might Shatter Bitcoin Dreams";"sirer,eyal";"IC3";"feature"
"http://www.coindesk.com/researchers-redesign-scaling-decentralized-blockchains/";"CoinDesk";02/17/16;"Researchers Argue Radical Redesigns Needed to Scale Decentralized Blockchains";"sirer,eyal";"IC3";
"http://www.ibtimes.co.uk/blockchain-experts-provide-contrasts-predictions-consensus-protocols-1545929";"IB Times";02/25/16;"Blockchain experts provide contrasts and predictions on consensus protocols";"sirer,eyal";"IC3";
"http://www.blockcy.com/bitcoin-vault-making-bitcoin-theft-impossible";"Blockcy";02/27/16;"No More Bitcoin Theft With This New Invention Says Professor";"sirer,eyal";"IC3";
"http://www.newsbtc.com/2016/02/28/bitcoin-covenant-defense-bitcoin-theft/";"News BTC";02/28/16;"The Bitcoin Covenant — Defense Against Bitcoin Theft !";"sirer,eyal";"IC3";
"https://bitcoinmagazine.com/articles/the-bank-of-england-s-rscoin-an-experiment-for-central-banks-or-a-bitcoin-alternative-1459183955";"Bitcoin Magazine";03/28/16;"The Bank of England’s RSCoin: An Experiment for Central Banks or a Bitcoin Alternative?";"sirer,eyal";"IC3";
"https://www.news.cornell.edu/stories/2016/04/ithaca-pittsford-score-high-school-programming-contest";"Cornell Chronicle";04/13/16;"Ithaca, Pittsford score in high school programming contest";"sirer,eyal";"IC3";
"https://www.cryptocoinsnews.com/bitcoin-dev-peter-todd-forced-soft-forks-send-dangerous-message/";"Reuters";04/15/16;"Bitcoin Dev Peter Todd: Soft Forks Send Dangerous Message";"sirer,eyal";"IC3";"feature"
"http://www.usatoday.com/story/tech/2016/05/02/bitcoin-founder-identified/83813744/";"USA Today";05/02/16;"Australian claims he is the founder of Bitcoin";"sirer,eyal";"IC3";"feature"
"http://www.wsj.com/articles/craig-wright-claims-he-is-bitcoin-inventor-satoshi-nakamoto-1462182349";"Wall Street Journal";05/02/16;"Craig Wright Claims He Is Bitcoin Inventor ‘Satoshi Nakamoto'";"sirer,eyal";"IC3";"feature"
"http://www.theverge.com/2016/5/2/11566296/craig-steven-wright-satoshi-nakamoto-bitcoin-proof";"The Verge";05/02/16;"The latest Bitcoin inventor claims don't add up";"sirer,eyal";"IC3";"feature"
"http://www.foxnews.com/tech/2016/05/02/us-military-proposes-secure-self-destructing-messaging-app.html";"Fox News";05/02/16;"US military proposes secure, self-destructing messaging app";"sirer,eyal";"IC3";"feature"
"https://www.technologyreview.com/s/601371/will-the-real-satoshi-nakamoto-help-fix-bitcoin/";"MIT Technology Review";05/02/16;"Will the Real Satoshi Nakamoto Help Fix Bitcoin?";"sirer,eyal";"IC3";"feature"
"http://www.techtimes.com/articles/155533/20160503/australian-computer-scientist-shows-proof-he-is-bitcoin-creator-satoshi-nakamoto.htm";"Tech Times";05/03/16;"Australian Computer Scientist Shows Proof He Is Bitcoin Creator Satoshi Nakamoto";"sirer";"IC3";
"https://www.salon.com/2016/05/05/bitcoins_self_proclaimed_founder_backtracks/";"Salon";05/05/16;"Bitcoin’s self-proclaimed founder backtracks";"sirer,eyal";"IC3";"feature"
"http://www.latimes.com/business/technology/la-fi-tn-bitcoin-founder-20160505-story.html";"LA Times";05/05/16;"Bitcoin's self-proclaimed founder says he lacks 'courage' to give more proof";"sirer";"IC3";"feature"
"http://www.reuters.com/article/us-bitcoin-governance-idUSKCN0XX1WU";"Reuters";05/06/16;"Bitcoin has a governance problem, no matter who created it";"sirer";"IC3";"feature"
"http://www.lastampa.it/2016/05/06/economia/craig-wright-non-prova-di-essere-nakamoto-ma-il-mistero-si-infittisce-lV9CTvo0xQmNsTngt2hn4K/pagina.html";"La Stampa";05/06/16;"Craig Wright non prova di essere Nakamoto, ma il mistero si infittisce";"sirer,eyal";"IC3";
"https://au.finance.yahoo.com/news/bitcoin-governance-problem-030107893.html";"Yahoo";05/11/16;"Bitcoin has a governance problem";"sirer";"IC3";
"http://www.forbes.com/sites/laurashin/2016/05/18/leaderless-company-rakes-in-133-million-new-crowdfunding-rules-allow-startups-to-raise-1-million/#690459f37513";"Forbes";05/18/16;"Leaderless Company Rakes In $133 Million – New Crowdfunding Rules Allow Startups To Raise $1 Million";"sirer,eyal";"IC3";
"http://www.coindesk.com/amid-huge-fundraise-thedao-sparks-a-public-debate/";"Coindesk";05/18/16;"Public Opinion Split As The DAO Rakes in Ethereum Funding";"sirer,eyal";"IC3";
"http://www.americanbanker.com/news/bank-technology/smart-contracts-a-tool-for-bank-lawyers-not-a-replacement-1081078-1.html";"American Banker";05/19/16;"Smart Contracts: A Tool for Bank Lawyers, Not a Replacement";"juels";"IC3";"feature"
"http://www.independent.com/news/2016/may/23/computer-expert-raises-new-concerns-bitcoin-users/";"Independent";05/23/16;"Computer Expert Raises New Concerns for Bitcoin Users";"sirer,eyal";"IC3";
"https://www.newscientist.com/article/2090656-controversial-software-claims-to-tell-personality-from-your-face/";"New Scientist";05/27/16;"Controversial software claims to tell personality from your face";"sirer,eyal";"IC3";"feature"
"http://www.coindesk.com/kraken-dao-trading-critics-moratorium/";"CoinDesk";05/27/16;"Kraken to Add DAO Trading as Critics Call for Moratorium";"sirer";"IC3";
"http://www.nytimes.com/2016/05/28/business/dealbook/paper-points-up-flaws-in-venture-fund-based-on-virtual-money.html?smid=tw-share&_r=0";"New York Times";05/27/16;"Paper Points Up Flaws in Venture Fund Based on Virtual Money - The New York Times";"sirer,eyal";"IC3";"feature"
"http://spectrum.ieee.org/tech-talk/computing/networks/ethereums-150-million-dollar-dao-opens-for-business-just-as-researchers-call-for-a-moratorium";"IEEE Spectrum";05/28/16;"Ethereum’s $150-Million Blockchain-Powered Fund Opens Just as Researchers Call For a Halt";"sirer";"IC3";"feature"
"http://bitcoinist.net/the-seven-sins-dao/";"Bitcoinist";05/28/16;"The Seven Sins of the DAO";"sirer";"IC3";
"http://themerkle.com/a-group-of-researchers-call-for-a-temporary-moratorium-on-dao-proposals/";"The Merkle";05/30/16;"A Group of Researchers Call For a Temporary Moratorium On DAO Proposals – The Merkle";"sirer,eyal";"IC3";
"http://www.fxnewscall.com/ethereum-problems-for-the-150-million-blockchain-powered-ethereum-fund/1940774/";"Fx News Call";05/30/16;"Ethereum Problems For The $150 Million Blockchain Powered Ethereum Fund? - FX News Call";"sirer,eyal";"IC3";
"http://www.the-blockchain.com/2016/05/30/ethereums-blockchain-dao-fund-opens-critical-analysis-security-experts/";"Blockchain News";05/30/16;"Ethereum's $150 Million Blockchain DAO Fund Opens To Critical Analysis by Security Experts - Blockchain News";"sirer,eyal";"IC3";
"http://qz.com/695033/the-dao-security-concerns-funded-by-ether/";"Quartz";05/30/16;"Researchers point to possible security flaws in the DAO, the $150 million virtual-company experiment";"sirer,eyal";"IC3";
"http://coinjournal.net/slock-security-proposal-dao-vlad-attacks/";"CoinJournal";05/30/16;"Slock.it Submits Security Proposal to The DAO Amid ‘Vlad Attacks’ Concerns";"sirer";"IC3";
"http://www.econotimes.com/Three-individuals-call-for-a-moratorium-to-prevent-losses-to-the-Ethereum-DAO-215220";"EconoTimes";05/31/16;"Three individuals call for a moratorium to prevent losses to the Ethereum DAO";"sirer,eyal";"IC3";
"https://www.cryptocoinsnews.com/ethereum-dao-critics-call-for-a-moratorium/";"CryptoCoinsNews";05/31/16;"Ethereum DAO Critics Call for a Moratorium";"sirer";"IC3";
"http://www.haaretz.co.il/captain/net/.premium-1.2961874";"Haaretz";06/01/16;"DAO";"sirer,eyal";"IC3";
"http://siliconangle.com/blog/2016/06/01/bitcoin-weekly-2016-june-1-china-influences-20-rise-in-market-value-btc-not-money-case-australia-auctioning-11-5m-in-bitcoins-the-dao-comes-online/";"Silicon Angle";06/01/16;"Bitcoin Weekly 2016 June 1: China influences rise in market value, BTC ‘not money’ case, Australia auctioning $11.5M in bitcoins, the DAO comes online";"sirer";"IC3";
"http://www.newsbtc.com/2016/06/03/slock-releases-first-version-dao-proposal-framework/";"News BTC";06/03/16;"Slock.it Releases First Version of DAO Proposal Framework";"sirer";"IC3";
"http://cointelegraph.com/news/social-kapital-goes-further-than-dao-in-security-concerns";"Coin Telegraph";06/06/16;"Social Kapital Goes Further Than DAO in Security Concerns";"sirer";"IC3";
"http://www.wired.com/2016/06/biggest-crowdfunding-project-ever-dao-mess/";"Wired Magazine";06/06/16;"The Biggest Crowdfunding Project Ever—the DAO—Is Kind of a Mess";"sirer";"IC3";"feature"
"https://www.technologyreview.com/s/601643/companies-are-stockpiling-bitcoin-to-pay-off-cybercriminals/#/set/id/601637/";"MIT Technology Review";06/07/16;"Companies Are Stockpiling Bitcoin to Pay Off Cybercriminals";"sirer";"IC3";"feature"
"http://news.softpedia.com/news/companies-are-stockpiling-bitcoin-in-case-they-get-infected-with-ransomware-504987.shtml";"Softpedia";06/08/16;"Companies Are Stockpiling Bitcoin in Case They Get Infected with Ransomware";"sirer";"IC3";
"http://bravenewcoin.com/news/large-uk-businesses-holding-bitcoin-to-pay-ransoms/";"Brave New Coin";06/09/16;"Large UK businesses are holding bitcoin to pay ransoms";"sirer";"IC3";
"http://cointelegraph.com/news/fixing-dao-will-take-months-communitys-response-is-crucial";"Coin Telegraph";06/09/16;"Fixing DAO Will Take Months, Community’s Response Is Crucial";"sirer";"IC3";
"http://www.coindesk.com/dao-can-keep-becoming-next-mt-gox/";"CoinDesk";06/09/16;"Will The DAO Become Ethereum's Mt Gox?";"sirer";"IC3";
"https://www.news.cornell.edu/stories/2016/06/new-cryptocurrency-introduces-new-risks";"Cornell Chronicle";06/16/16;"New cryptocurrency introduces new risks";"sirer";"IC3";
"http://www.coindesk.com/the-dao-is-closing-down/";"CoinDesk";06/17/16;"The DAO is Closing Down";"sirer";"IC3";
"http://www.nytimes.com/2016/06/18/business/dealbook/hacker-may-have-removed-more-than-50-million-from-experimental-cybercurrency-project.html";"New York Times";06/17/16;"A Hacking of More Than $50 Million Dollars Dashes Hopes in the World of Virtual Currency";"sirer";"IC3";"feature"
"https://next.ft.com/content/591518a0-34df-11e6-ad39-3fee5ffe5b5b";"Financial Times";06/17/16;"‘Ether’ brought to earth by theft of $50m in cryptocurrency";"sirer";"IC3";"feature"
"http://www.pcmag.com/news/345402/hacker-takes-50-million-worth-of-ether-a-rival-to-bitcoin";"PC Magazine";06/17/16;"Hacker Takes $50 Million Worth of Ether, A Rival to Bitcoin";"sirer";"IC3";
"http://bitcoinist.net/the-explosion-dao/";"Bitcoinist";06/17/16;"The Explosion of the DAO, Over 3 Million Ether Stolen";"sirer";"IC3";
"https://www.technologyreview.com/s/601724/80-million-hack-shows-the-dangers-of-programmable-money/";"MIT Technology Review";06/18/16;"$80 Million Hack Shows the Dangers of Programmable Money";"sirer";"IC3";"feature"
"http://www.wired.com/2016/06/50-million-hack-just-showed-dao-human/";"Wired Magazine";06/18/16;"A $50 Million Hack Just Showed That the DAO Was All Too Human";"sirer";"IC3";"feature"
"https://www.cryptocoinsnews.com/dao-shambles-wake-call-entire-ecosystem/";"CryptoCoinsNews";06/19/16;"The DAO Shambles is a Wake up Call for the Entire Ecosystem";"sirer";"IC3";
"http://www.forbes.com/sites/francescoppola/2016/06/20/the-dao-hacking-shows-that-coders-are-not-infallible/#fb044a4125dc";"Forbes";06/20/16;"The DAO Hacking Shows That Coders Are Not Infallible";"daian";"IC3";
"http://www.zeit.de/digital/internet/2016-06/the-dao-blockchain-ether-hack";"Die Zeit";06/20/16;"Und plötzlich fehlen 50 Millionen Dollar";"sirer";"IC3";
"http://www.computing.co.uk/ctg/news/2462011/doa-hacker-syphons-off-gbp30m-in-crypto-currency-ethereum";"Computing Magazine";06/20/16;"DAO hacker syphons off £30m in crypto-currency Ethereum";"sirer";"IC3";
"http://www.cio.com/article/3086207/cloud-computing/a-blockchain-smart-contract-could-cost-investors-millions.html";"CIO";06/20/16;"A blockchain 'smart contract' could cost investors millions";"sirer";"IC3";
"http://www.zdnet.be/nieuws/182551/hacker-claimt-rechtmatig-bezit-van-53-miljoen-dollar-gestolen-cryptogeld/";"ZDNet.be";06/20/16;"Hacker claimt rechtmatig bezit 53 miljoen dollar gestolen cryptogeld";"sirer";"IC3";
"http://www.linformaticien.com/actualites/id/40863/la-cryptomonnaie-ether-victime-d-un-piratage-massif.aspx";"L\'Informaticien";06/20/16;"La cryptomonnaie Ether victime d’un piratage massif";"sirer";"IC3";
"http://www.agoravox.fr/tribune-libre/article/le-detournement-de-50-millions-de-182063";"AgoraVox";06/20/16;"Le détournement de 50 millions de dollars sape à la base l’émule du Bitcoin";"sirer";"IC3";
"http://www.programmez.com/actualites/piratage-de-thedao-50-millions-de-dollars-virtuels-reellement-derobes-24522";"Programmez";06/20/16;"Piratage de TheDAO : 50 millions de dollars virtuels réellement dérobés";"sirer";"IC3";
"http://www.haaretz.co.il/captain/net/.premium-1.2981022";"Haaretz";06/20/16;"50 מיליון דולר נשאבו, וב-Dao מגלים את המגבלות של אוטופיה מתוכנתת ";"sirer ";"IC3";
"http://www.pcworld.com/article/3086211/a-blockchain-smart-contract-could-cost-investors-millions.html";"PC World";06/20/16;"A blockchain 'smart contract' could cost investors millions";"sirer";"IC3";
"https://bitcoinmagazine.com/articles/a-legal-analysis-of-the-dao-exploit-and-possible-investor-rights-1466524659";"Bitcoin Magazine";06/21/16;"A Legal Analysis of the DAO Exploit and Possible Investor Rights";"sirer";"IC3";
"http://www.techworld.com.au/article/602102/blockchain-smart-contract-could-cost-investors-millions/";"TechWorld Australia";06/21/16;"A blockchain 'smart contract' could cost investors millions";"sirer";"IC3";
"http://www.coindesk.com/can-learn-dao/";"CoinDesk";06/21/16;"What We Can Learn From the DAO";"sirer";"IC3";
"http://www.bbc.com/news/technology-36585930";"BBC";06/21/16;"Hack attack drains start-up investment fund";"sirer";"IC3";"feature"
"http://www.nasdaq.com/article/a-legal-analysis-of-the-dao-exploit-and-possible-investor-rights-cm638561";"NASDAQ";06/21/16;"A Legal Analysis of the DAO Exploit and Possible Investor Rights";"sirer";"IC3";"feature"
"http://www.sueddeutsche.de/digital/the-dao-millionen-dollar-raub-spaltet-verfechter-von-kryptowaehrung-1.3044097";"Süddeutche Zeitung";06/21/16;"53-Millionen-Dollar-Raub spaltet Verfechter von Kryptowährung";"sirer";"IC3";
"http://www.coindesk.com/cornell-prof-discovered-dao-vulnerability-reveals-10-exploits/";"CoinDesk";06/22/16;"Cornell Professor Calls for 'DAO 2.0' Movement";"sirer";"IC3";
"https://cryptoscope.blogspot.com/2016/06/20.html";"Cryptoscope";06/23/16;"Эмин Гюн Сирер: ДАО 2.0 должна быть продумана более тщательно";"sirer";"IC3";
"http://www.economist.com/news/finance-and-economics/21701136-cyber-attacker-outsmarts-smart-contract-theft-property";"The Economist";06/25/16;"Theft is Property";"sirer";"IC3";"feature"
"http://bitcoinist.net/dao-soft-fork-ethereum-vulnerable/";"Bitcoinist";06/28/16;"DAO Wars Soft Fork Makes Ethereum Blockchain Vulnerable";"sirer";"IC3";
"http://www.nytimes.com/2016/07/03/business/dealbook/bitcoin-china.html?smid=tw-share";"New York Times";06/28/16;"How China Took Center Stage in Bitcoin's Civil War";"sirer";"IC3";"feature"
"https://www.cryptocoinsnews.com/ethereum-crises-deepens-softfork-hardfork-decision-just-16-days/";"CryptoCoinsNews";06/29/16;"Ethereum Crises Deepens; SoftFork Out, HardFork Decision in Just 16 Days";"sirer";"IC3";
"http://www.lrb.co.uk/v38/n13/andrew-ohagan/the-satoshi-affair";"London Review of Books";06/30/16;"The Satoshi Affair";"sirer";"IC3";"feature"
"https://www.inverse.com/article/17788-dao-53-million-stolen-ethereum-hack-bitcoin-cryptocurrency-code-ether-july-14";"Inverse";06/30/16;"Ethereum's Coders Race to Recover Their Stolen $53 Million";"sirer";"IC3";
"http://www.theverge.com/2016/6/30/12068258/ethereum-dao-heist-theft-cryptocurrency-53-million";"The Verge";06/30/16;"Time is running out to stop a $53 million cryptocurrency heist";"sirer";"IC3";
"https://techcrunch.com/2016/07/02/the-only-thing-that-really-worried-me-was-the-ether/";"TechCrunch";07/02/16;"A brief history of cryptocurrency drama, or, what could possibly DAO wrong?";"sirer";"IC3";"feature"
"http://www.straitstimes.com/asia/east-asia/bitcoins-just-a-bit-confused";"Straits Times";07/03/16;"Bitcoin's just a bit confused";"sirer";"IC3";
"http://www.ibtimes.co.uk/ethereums-vitalik-buterin-democratic-hard-fork-proves-mining-oligopoly-cannot-engage-censorship-1569079";"International Business Times";07/05/16;"Democratic hard fork proves a mining oligopoly cannot engage in censorship";"sirer";"IC3";
"http://www.ibtimes.co.uk/ethereums-vitalik-buterin-democratic-hard-fork-proves-mining-oligopoly-cannot-engage-censorship-1569079";"International Business Times";7/5/2016;"Ethereum's Vitalik Buterin: Soft fork vulnerability means a mining oligopoly cannot engage in censorship";"sirer";"IC3";
"http://www.coindesk.com/ahead-bitcoin-halving-51-attack-risks-reappear/";"CoinDesk";07/06/16;"As Bitcoin Halving Approaches, 51% Attack Question Resurfaces";"sirer";"IC3";
"http://www.econotimes.com/ETH-USD-slightly-recovers-as-Ethereum-community-focuses-on-hard-fork-decision-232292";"EconoTimes";07/06/16;"ETH/USD slightly recovers as Ethereum community focuses on hard fork decision";"sirer";"IC3";
"https://bitcoinmagazine.com/articles/renowned-futurists-merkle-hanson-on-the-future-of-government-using-daos-and-prediction-markets-1468009940";"Bitcoin Magazine";07/08/16;"Renowned Futurists Merkle, Hanson on the Future of Government Using DAOs and Prediction Markets";"sirer";"IC3";
"http://www.coindesk.com/author-daos-original-code-minimize-regulatory-backlash/";"CoinDesk";07/13/16;"The DAO Crisis: Or How Vigilantism and Blockchain Democracy Became the Best Hope for Burned Investors";"sirer";"IC3";
"http://coinjournal.net/smart-contract-disasters-may-inevitable-ethereum/";"Coin Journal";07/13/16;"More Smart Contract Disasters May Be Inevitable for Ethereum";"sirer";"IC3";
"https://motherboard.vice.com/read/the-biggest-hacker-whodunnit-of-the-summer";"Vice";07/14/16;"The Biggest Hacker Whodunnit of the Summer";"sirer";"IC3";"feature"
"http://www.itworldcanada.com/article/as-a-blockchain-based-project-teeters-questions-about-the-technologys-security/385033";"IT World Canada";07/18/16;"As a blockchain-based project teeters, questions about the technology’s security";"sirer";"IC3";
"http://qz.com/730004/everything-you-need-to-know-about-the-ethereum-hard-fork/";"Quartz";07/18/16;"Everything you need to know about the Ethereum “hard fork”";"sirer";"IC3";
"http://www.econotimes.com/IC3-and-Ethereum-Foundation-organize-cryptocurrency-week-long-boot-camp-237866";"EconoTimes";07/19/16;"IC3 and Ethereum Foundation organize cryptocurrency week-long boot camp";"eyal,miller";"IC3";
"https://motherboard.vice.com/read/ethereum-56m-hacker-the-dao-vitalik-buterin-hard-fork";"Vice";07/20/16;"Ethereum Inventor: We Got ‘Very Lucky’ In Gamble to Save $56M From Hacker";"sirer";"IC3";
"http://www.coindesk.com/cornell-professor-calls-hard-fork-rite-passage-ethereum/";"CoinDesk";07/20/16;"DAO Critic Defends Ethereum Hard Fork as 'Rite of Passage'";"sirer";"IC3";
"http://www.americanbanker.com/news/bank-technology/they-might-be-smart-but-these-contracts-need-to-be-more-secure-1090319-1.html";"American Banker";07/21/16;"They Might Be Smart, But These Contracts Need to Be More Secure";"sirer";"IC3";
"http://www.coindesk.com/bitcoin-core-ethereum-hard-fork-unsettling-precedent/";"CoinDesk";07/22/16;"Bitcoin Developers Warn Ethereum Fork Sets Unsettling Precedent";"sirer";"IC3";
"http://avc.com/2016/07/hard-forks/";"A VC";07/22/16;"Hard Forks";"sirer";"IC3";
"http://www.thefinancialrevolutionist.com/weekly-briefing/2016/7/23/blockchain-2016-doers-dust-kickers-and-crazy-haired-guys";"The Financial Revolutionist";07/23/16;"Blockchain 2016: Doers, Dust Kickers and Crazy-Haired Guys";"sirer";"IC3";
"https://www.cryptocoinsnews.com/how-to-make-bitcoin-thefts-impossible/";"CryptoCoinsNews";08/03/16;"How to Make Bitcoin Thefts Impossible";"sirer";"IC3";
"http://www.scmagazineuk.com/hackers-have-stolen-49-million-worth-of-bitcoins/article/513724/";"SC Magazine";08/03/16;"Hackers have stolen £49 million worth of bitcoins";"sirer";"IC3";
"http://gizmodo.com/hackers-steal-72-million-in-bitcoin-from-honk-kong-exc-1784757592";"Gizmodo";08/03/16;"Hackers Steal $72 Million in Bitcoin From Hong Kong Exchange";"sirer";"IC3";
"http://qz.com/749789/bitcoin-exchanges-cant-stop-getting-hacked-no-matter-what-security-system-they-use/";"Quartz";08/04/16;"Bitcoin exchanges can’t stop getting hacked, no matter what security system they use";"sirer";"IC3";
"http://www.americanbanker.com/news/law-regulation/did-regulatory-meddling-cause-bitfinex-hack-1090569-1.html";"American Banker";08/04/16;"Did Regulatory Meddling Cause Bitfinex Hack?";"sirer";"IC3";
"http://www.gizmodo.com.au/2016/08/hackers-steal-95-million-in-bitcoin-fromhonk-kong-exchange/";"Gizmodo";8/4/2016;"Hackers Steal $95 Million In Bitcoin From Hong Kong Exchange";"sirer";"IC3";
"https://motherboard.vice.com/read/a-bizarre-60k-bitcoin-giveaway-is-most-likely-a-twisted-fake-lottery-bitfinex-hack-rekcahxfb";"Vice";08/05/16;"A Bizarre $600K Bitcoin Giveaway Is Most Likely a Twisted Fake Lottery";"sirer";"IC3";
"https://www.cryptocoinsnews.com/bitfinexs-ceo-seemingly-tried-start-ponzi-scheme/";"CryptoCoinsNews";08/06/16;"Bitfinex’s Founder Seemingly Tried to Start a Ponzi Scheme";"sirer";"IC3";
"http://www.bbc.com/news/technology-37009319";"BBC";08/07/16;"Bitfinex users to share 36% of bitcoin losses after hack";"sirer";"IC3";"feature"
"https://cointelegraph.com/news/will-bitfinexs-loss-socialization-hold-up-in-court";"Coin Telegraph";08/08/16;"Will Bitfinex's ""Loss Socialization"" Hold Up in Court?";"sirer";"IC3";
"http://fortune.com/2016/08/08/bitcoin-hack-exchange/";"Fortune";08/08/16;"Every User of This Hacked Bitcoin Exchange Is About to Lose 36% From Their Account";"sirer";"IC3";
"http://www.nasdaq.com/article/how-to-secure-bitcoin-exchanges-or-why-all-hope-is-not-lost-cm662716";"NASDAQ";08/09/16;"How to Secure Bitcoin Exchanges, or Why All Hope Is Not Lost";"sirer";"IC3";
"http://www.econotimes.com/Experts-deliberate-over-security-of-cryptocurrency-funds-260540";"EconoTimes";08/09/16;"Experts deliberate over security of cryptocurrency funds";"sirer";"IC3";
"https://bitcoinmagazine.com/articles/how-to-secure-bitcoin-exchanges-or-why-all-hope-is-not-lost-1470764032";"Bitcoin Magazine";08/09/16;"How to Secure Bitcoin Exchanges, or Why All Hope Is Not Lost";"sirer";"IC3";
"http://bitcoinist.net/chain-inc-announces-partnership-with-the-initiative-for-cryptocurrency-and-contracts/";"Bitcoinist";08/11/16;"Chain Inc. Announces Partnership with the Initiative for Cryptocurrency and Contracts";"all";"IC3";"feature"
"https://www.finextra.com/pressarticle/65667/chain-partners-initiative-for-cryptocurrency-and-contracts";"FinExtra";08/11/16;"Chain partners Initiative for Cryptocurrency and Contracts";"all";"IC3";
"https://cointelegraph.com/news/bitfinex-offers-35-million-bounty-for-stolen-bitcoin";"Coin Telegraph";08/12/16;"Bitfinex Offers $3.5 Million Bounty for Stolen Bitcoin";"sirer";"IC3";
"http://www.livebitcoinnews.com/chain-partners-with-ic3-to-create-better-financial-blockchain-networks/";"Live Bitcoin News";8/13/2016;"Chain Partners With IC3 To Create Better Financial Blockchain Networks";"sirer";"IC3";
"http://www.financemagnates.com/cryptocurrency/news/chain-joins-top-universities-initiative-for-cryptocurrency-and-contracts/";"Finance Magnates";08/14/16;"Chain Joins Top Universities’ Initiative for Cryptocurrency and Contracts";"all";"IC3";
"http://motherboard.vice.com/read/was-a-bizarre-600k-bitcoin-lottery-really-a-marriage-proposal-rekcahxfb";"Vice";08/16/16;"Was a Bizarre $600K Bitcoin Lottery Really a Marriage Proposal?";"sirer";"IC3";
"http://www.coindesk.com/wish-ethereum-classic-quick-painless-death/";"CoinDesk";08/17/16;"Why Ethereum Classic Must Die";"sirer";"IC3";
"https://www.bloomberg.com/news/articles/2016-08-17/the-wretched-endless-cycle-of-bitcoin-hacks";"Bloomberg";08/18/16;"The Wretched, Endless Cycle of Bitcoin Hacks";"sirer";"IC3";
"http://www.houstonchronicle.com/business/article/After-65-million-hack-questions-of-whether-9174023.php";"Houston Chronicle";08/19/16;"After $65 million hack, questions arise over whether Bitcoin can be safe";"sirer";"IC3";"feature"
"https://heatst.com/biz/bitcoin-isnt-the-safe-store-of-wealth-everyone-thinks-it-is/";"Heatstreet";08/19/16;"Bitcoin Isn’t the Safe Store of Wealth Everyone Thinks It Is";"sirer";"IC3";
"https://www.cryptocoinsnews.com/bitfinexs-lesson-has-the-time-for-regulation-arrived/";"CryptoCoinsNews";08/19/16;"Bitfinex's Lesson: Has the Time for Regulation Arrived?";"sirer";"IC3";
"http://www.coindesk.com/technical-impasses-preventing-bitcoin-hack-extinction/";"CoinDesk";08/28/16;"Inside 'Bitcoin Vault': Could a Technical Fix Block Hackers for Good?";"sirer";"IC3";
"https://cointelegraph.com/news/what-we-learned-about-technocratic-fallacies-from-dao-collapse";"Coin Telegraph";08/30/16;"What We Learned About Technocratic Fallacies From DAO Collapse";"sirer";"IC3";
"http://www.coindesk.com/on-chain-scaling-bitcoin-blockchain-conference/";"CoinDesk";9/2/2016;"The Fight for On-Blockchain Bitcoin Scaling Soldiers On";"sirer";"IC3";
"https://www.washingtonpost.com/world/asia_pacific/in-chinas-tibetan-highlands-the-bizarre-world-of-bitcoin-mining-finds-a-new-home/2016/09/12/7729cbea-657e-11e6-b4d8-33e931b5a26d_story.html";"Washington Post";09/12/16;"The bizarre world of bitcoin ‘mining’ finds a new home in Tibet";"sirer";"IC3";"feature"
"https://www.cryptocoinsnews.com/blockchain-based-sports-game-wins-thomson-reuters-hackethon/";"CryptoCoinsNews";09/13/16;"Blockchain Based Sports Game Wins Thomson Reuters HackETHon";"sirer";"IC3";
"https://www.cryptocoinsnews.com/chinas-mining-dominance-good-or-bad-for-bitcoin/";"CryptoCoinsNews";09/14/16;"China’s Mining Dominance: Good Or Bad For Bitcoin?";"sirer";"IC3";
"https://cointelegraph.com/news/ipfs-protocol-selects-ethereum-over-bitcoin-prefers-ethereum-dev-community";"The Cointelegraph";9/24/2016;"IPFS Protocol Selects Ethereum Over Bitcoin, Prefers Ethereum Dev Community";"sirer";"IC3";
"http://fortune.com/ethereum-blockchain-vitalik-buterin/";"Fortune";09/27/16;"Can This 22-year-old Coder Out-Bitcoin Bitcoin?";"all";"IC3";"feature"
" http://www.coindesk.com/ethereum-formal-verification-smart-contracts/";"CoinDesk";09/28/16;"In Formal Verification Push, Ethereum Seeks Smart Contract Certainty";"daian";"IC3";
"http://www.forbes.com/sites/laurashin/2016/10/04/what-does-cornells-emin-gun-sirer-see-as-the-main-security-threats-in-cryptocurrency-everything/#34ffff071251";"CoinDesk";10/4/2016;"What Does Cornell's Emin Gun Sirer See As The Main Security Threats In Cryptocurrency? 'Everything'";"sirer";"IC3";
"http://www.news.ucsb.edu/2016/017243/all-mind";"UCSB";10/4/2016;"All in the Mind";"sirer";"IC3";
"http://www.coindesk.com/weight-scaling-bitcoin-milan-block-size/";"CoinDesk";10/9/2016;"Why Weight? Bitcoin Scaling is Moving Beyond Block Size";"sirer";"IC3";
"https://www.cryptocoinsnews.com/cryptocurrency-exchange-poloniex-insecure-security-review-claims/";"CryptoCoinsNews";10/15/2016;"Cryptocurrency Exchange Poloniex is Insecure, Security Review Claims";"sirer";"IC3";
"http://cornellsun.com/2016/10/25/cornell-prof-uncovers-bugs-in-smart-contract-system-urges-more-safety-in-program-design/";"Cornell Sun";10/25/2016;"Cornell Prof Uncovers Bugs in Smart Contract System, Urges More Safety in Program Design";"sirer";"IC3";
"https://bitcoinmagazine.com/articles/chain-releases-open-source-version-of-chain-core-technology-powering-visa-s-new-b-b-connect-1477422964";"Bitcoin Magazine";10/25/2016;"Chain Releases Open-Source Version of Chain Core Technology Powering Visa’s New B2B Connect";"sirer";"IC3";
"http://motherboard.vice.com/read/how-vigilante-hackers-could-stop-the-internet-of-things-botnet";"Motherboard";10/26/2016;"How Vigilante Hackers Could Stop the Internet of Things Botnet";"sirer";"IC3";
"http://www.news.cornell.edu/stories/2016/11/making-cryptocurrency-safe-and-reliable";"Cornell Chronicle";11/2/2016;"Making 'cryptocurrency' safe and reliable";"sirer";"IC3";
"https://www.buzzfeed.com/nidhisubbaraman/these-immigrant-scientists-are-spooked?utm_term=.riV3RQ2gl#.nyLnVE53j";"Buzzfeed";11/12/2016;"Meet The Immigrant Scientists Spooked By A Looming Trump Presidency";"sirer";"IC3";
"http://www.coindesk.com/blockchain-wont-just-change-regulation-change-sec/";"CoinDesk";11/15/2016;"Blockchain Won't Just Change Regulation, it Could Reshape the SEC";"sirer";"IC3";
"http://qz.com/844507/bitcoin-and-blockchain-seem-more-and-more-like-solutions-looking-for-a-problem/";"Quartz";11/23/2016;"Bitcoin and blockchain seem more and more like solutions looking for a problem";"sirer";"IC3";
"http://www.coindesk.com/blockchain-builders-can-thrive-donald-trumps-america/";"CoinDesk";12/6/2016;"Donald Trump's Transition is a Trial Run for Smart Contracts";"sirer";"IC3";
"http://www.bbc.com/news/technology-37307826";"BBC";10/25/16;"Blockchain bandits hit crypto start-ups";"juels";"IC3";
"http://www.coindesk.com/blockchain-smart-contracts-looming-challenges/";"CoinDesk";11/30/16;"Blockchain Pros Debate 'Looming Challenges' for Smart Contracts";"juels";"IC3";"feature"
"https://bitcoinmagazine.com/articles/chain-joins-industry-academia-blockchain-initiative-to-solve-interoperability-and-scalability-issues-1471882821";"Bitcoin Magazine";08/22/16;"Chain Joins Industry-Academia Blockchain Initiative to Solve Interoperability and Scalability Issues";"all";"IC3";"feature"
"https://bitcoinmagazine.com/articles/sec-panelists-on-astonishing-but-not-very-sexy-blockchain-achieving-network-effect-will-produce-winners-1479316357";"Bitcoin Magazine";11/16/16;"SEC Panelists on “Astonishing” But “Not Very Sexy” Blockchain: Achieving Network Effect Will Produce Winners";"sirer";"IC3";
"http://www.coindesk.com/trusted-hardware-can-help-bitcoin-scale-cost/";"CoinDesk";12/17/16;"Trusted Hardware Can Help Bitcoin Scale, But At What Cost?";"all";"IC3";
"https://fee.org/articles/blockchain-predictions-for-2017/";"Foundation for Economic Education";12/30/16;"Blockchain Predictions for 2017";"all";"IC3";
"http://www.coindesk.com/what-makes-bitcoin-great-one-academic-is-on-a-quest-to-find-out/";"CoinDesk";02/08/17;"What Makes Bitcoin Great? One Scientist is On a Quest to Find Out";"all";"IC3";"feature"
"http://www.coindesk.com/hardware-hard-forks-accenture-plans-end-blockchain-security-concerns/";"CoinDesk";02/14/17;"Hardware Over Hard Forks: How Accenture Plans to End Blockchain's Security Debate";"all";"IC3";"feature"
"https://www.nytimes.com/2017/03/04/business/dealbook/blockchain-ibm-bitcoin.html?_r=0";"New York Times";03/04/17;"Blockchain: A Better Way to Track Pork Chops, Bonds, Bad Peanut Butter?";"sirer";"IC3";"feature"
"https://motherboard.vice.com/en_us/article/bitcoin-is-still-unsustainable";"Motherboard";03/07/17;"A Single Bitcoin Transaction Takes Thousands of Times More Energy Than a Credit Card Swipe";"eyal";"IC3";
"http://www.coindesk.com/could-the-super-uasf-break-bitcoins-scaling-deadlock/";"CoinDesk";03/15/17;"'Super UASF': Could a Clever Idea Break Bitcoin's Scaling Deadlock?";"daian";"IC3";
"http://www.coindesk.com/inside-ic3-cornell-science-of-magic-internet-money-bitcoin/";"CoinDesk";03/29/17;"Inside IC3: How Cornell is Advancing the Science of Bitcoin";"basu,sirer,all";"IC3";
"https://www.fidelity.com/about-fidelity/news-releases/overview";"Fidelity";04/10/17;"Fidelity is First in Finance to Support IC3: Global Financial Leader Joins IC3 to Explore Blockchains";"all";"IC3";"feature"
"http://www.reuters.com/article/fidelity-blockchain-idUSL1N1HH0N7";"Reuters";04/10/17;"Fidelity becomes first asset manager to join blockchain group IC3";"sirer,all";"IC3";"feature"
"http://www.coindesk.com/ic3-researchers-propose-solidus-protocol-private-transactions/";"CoinDesk";04/20/17;"IC3 Researchers Propose ‘Solidus’ Protocol for Private Transactions";"all";"IC3";"feature"
"https://cointelegraph.com/news/monero-transactions-history-can-be-revealed-and-exposed-research";"Coin Telegraph";04/15/17;"Monero Transactions History Can Be Revealed and Exposed: Research";"miller";"IC3";
"http://www.coindesk.com/trust-your-oracle-cornell-launches-tool-for-confidential-blockchain-queries/";"CoinDesk";05/17/17;"Trust Your Oracle? Cornell Launches Tool for Confidential Blockchain Queries";"juels";"IC3";
"https://www.ethnews.com/town-crier-service-delivers-solid-data-to-coders";"ETHNews";05/11/17;"Town Crier Service Delivers Solid Data To Coders";"juels,fanz";"IC3";
"https://www.technologyreview.com/s/604336/how-encrypted-weather-data-could-help-corporate-blockchain-dreams-come-true/";"MIT Technology Review";05/11/17;"How Encrypted Weather Data Could Help Corporate Blockchain Dreams Come True";"juels";"IC3";"feature"
